Sample	Project	Status	Disease	V_region	Platform	Region
ERR494388	ERP005509	healthy	health	v3	miseq	Subg
ERR494391	ERP005509	healthy	health	v3	miseq	Subg
ERR494394	ERP005509	healthy	health	v3	miseq	Subg
ERR494397	ERP005509	healthy	health	v3	miseq	Subg
ERR494400	ERP005509	healthy	health	v3	miseq	Subg
ERR494403	ERP005509	healthy	health	v3	miseq	Subg
ERR494406	ERP005509	healthy	health	v3	miseq	Subg
ERR494409	ERP005509	healthy	health	v3	miseq	Subg
ERR494412	ERP005509	healthy	health	v3	miseq	Subg
ERR494415	ERP005509	healthy	health	v3	miseq	Subg
ERR494418	ERP005509	healthy	health	v3	miseq	Subg
ERR494389	ERP005509	healthy	health	v3	miseq	Supra
ERR494392	ERP005509	healthy	health	v3	miseq	Supra
ERR494395	ERP005509	healthy	health	v3	miseq	Supra
ERR494398	ERP005509	healthy	health	v3	miseq	Supra
ERR494401	ERP005509	healthy	health	v3	miseq	Supra
ERR494404	ERP005509	healthy	health	v3	miseq	Supra
ERR494407	ERP005509	healthy	health	v3	miseq	Supra
ERR494410	ERP005509	healthy	health	v3	miseq	Supra
ERR494413	ERP005509	healthy	health	v3	miseq	Supra
ERR494416	ERP005509	healthy	health	v3	miseq	Supra
ERR494419	ERP005509	healthy	health	v3	miseq	Supra
SRR3745301	SRP077982	healthy	health	v4	miseq	Subg
SRR5178151	SRP077982	healthy	health	v4	miseq	Subg
SRR5178152	SRP077982	healthy	health	v4	miseq	Subg
SRR5178153	SRP077982	healthy	health	v4	miseq	Subg
SRR5178154	SRP077982	healthy	health	v4	miseq	Subg
SRR5178155	SRP077982	healthy	health	v4	miseq	Subg
SRR5178157	SRP077982	healthy	health	v4	miseq	Subg
SRR5178158	SRP077982	healthy	health	v4	miseq	Subg
SRR5178159	SRP077982	healthy	health	v4	miseq	Subg
SRR5178160	SRP077982	healthy	health	v4	miseq	Subg
SRR5178161	SRP077982	healthy	health	v4	miseq	Subg
SRR5178162	SRP077982	healthy	health	v4	miseq	Subg
SRR5178163	SRP077982	healthy	health	v4	miseq	Subg
SRR5178164	SRP077982	healthy	health	v4	miseq	Subg
SRR5178165	SRP077982	healthy	health	v4	miseq	Subg
SRR5178166	SRP077982	healthy	health	v4	miseq	Subg
SRR5178167	SRP077982	healthy	health	v4	miseq	Subg
SRR5178168	SRP077982	healthy	health	v4	miseq	Subg
SRR5178169	SRP077982	healthy	health	v4	miseq	Subg
SRR5178170	SRP077982	healthy	health	v4	miseq	Subg
SRR5178171	SRP077982	healthy	health	v4	miseq	Subg
DRR030443	DRP002688	healthy	health	v4	miseq	Supra
DRR030444	DRP002688	healthy	health	v4	miseq	Supra
DRR030445	DRP002688	healthy	health	v4	miseq	Supra
DRR030446	DRP002688	healthy	health	v4	miseq	Supra
DRR030447	DRP002688	healthy	health	v4	miseq	Supra
DRR030448	DRP002688	healthy	health	v4	miseq	Supra
DRR030449	DRP002688	healthy	health	v4	miseq	Supra
DRR030450	DRP002688	healthy	health	v4	miseq	Supra
DRR030451	DRP002688	healthy	health	v4	miseq	Supra
DRR030452	DRP002688	healthy	health	v4	miseq	Supra
DRR030453	DRP002688	healthy	health	v4	miseq	Supra
DRR030454	DRP002688	healthy	health	v4	miseq	Supra
DRR030455	DRP002688	healthy	health	v4	miseq	Supra
DRR030456	DRP002688	healthy	health	v4	miseq	Supra
DRR030457	DRP002688	healthy	health	v4	miseq	Supra
DRR030458	DRP002688	healthy	health	v4	miseq	Supra
DRR030459	DRP002688	healthy	health	v4	miseq	Supra
DRR030460	DRP002688	healthy	health	v4	miseq	Supra
DRR030461	DRP002688	healthy	health	v4	miseq	Supra
DRR030462	DRP002688	healthy	health	v4	miseq	Supra
DRR030463	DRP002688	healthy	health	v4	miseq	Supra
DRR030464	DRP002688	healthy	health	v4	miseq	Supra
DRR030465	DRP002688	healthy	health	v4	miseq	Supra
DRR030466	DRP002688	healthy	health	v4	miseq	Supra
DRR030467	DRP002688	healthy	health	v4	miseq	Supra
DRR030468	DRP002688	healthy	health	v4	miseq	Supra
DRR030469	DRP002688	healthy	health	v4	miseq	Supra
DRR030470	DRP002688	healthy	health	v4	miseq	Supra
DRR030471	DRP002688	healthy	health	v4	miseq	Supra
DRR030472	DRP002688	healthy	health	v4	miseq	Supra
DRR030473	DRP002688	healthy	health	v4	miseq	Supra
DRR030474	DRP002688	healthy	health	v4	miseq	Supra
DRR030475	DRP002688	healthy	health	v4	miseq	Supra
DRR030476	DRP002688	healthy	health	v4	miseq	Supra
DRR030477	DRP002688	healthy	health	v4	miseq	Supra
DRR030478	DRP002688	healthy	health	v4	miseq	Supra
DRR030479	DRP002688	healthy	health	v4	miseq	Supra
DRR030480	DRP002688	healthy	health	v4	miseq	Supra
DRR030481	DRP002688	healthy	health	v4	miseq	Supra
DRR030482	DRP002688	healthy	health	v4	miseq	Supra
DRR030483	DRP002688	healthy	health	v4	miseq	Supra
DRR030484	DRP002688	healthy	health	v4	miseq	Supra
DRR030485	DRP002688	healthy	health	v4	miseq	Supra
DRR030486	DRP002688	healthy	health	v4	miseq	Supra
DRR030487	DRP002688	healthy	health	v4	miseq	Supra
DRR030488	DRP002688	healthy	health	v4	miseq	Supra
DRR030489	DRP002688	healthy	health	v4	miseq	Supra
DRR030490	DRP002688	healthy	health	v4	miseq	Supra
DRR030491	DRP002688	healthy	health	v4	miseq	Supra
DRR030492	DRP002688	healthy	health	v4	miseq	Supra
DRR030493	DRP002688	healthy	health	v4	miseq	Supra
DRR030494	DRP002688	healthy	health	v4	miseq	Supra
DRR030495	DRP002688	healthy	health	v4	miseq	Supra
DRR030496	DRP002688	healthy	health	v4	miseq	Supra
DRR030497	DRP002688	healthy	health	v4	miseq	Supra
DRR030498	DRP002688	healthy	health	v4	miseq	Supra
DRR030499	DRP002688	healthy	health	v4	miseq	Supra
DRR030500	DRP002688	healthy	health	v4	miseq	Supra
DRR030501	DRP002688	healthy	health	v4	miseq	Supra
DRR030502	DRP002688	healthy	health	v4	miseq	Supra
DRR030503	DRP002688	healthy	health	v4	miseq	Supra
DRR030504	DRP002688	healthy	health	v4	miseq	Supra
DRR030505	DRP002688	healthy	health	v4	miseq	Supra
DRR030506	DRP002688	healthy	health	v4	miseq	Supra
DRR030507	DRP002688	healthy	health	v4	miseq	Supra
DRR030508	DRP002688	healthy	health	v4	miseq	Supra
DRR030509	DRP002688	healthy	health	v4	miseq	Supra
DRR030510	DRP002688	healthy	health	v4	miseq	Supra
DRR030511	DRP002688	healthy	health	v4	miseq	Supra
DRR030512	DRP002688	healthy	health	v4	miseq	Supra
DRR030513	DRP002688	healthy	health	v4	miseq	Supra
DRR030514	DRP002688	healthy	health	v4	miseq	Supra
DRR030515	DRP002688	healthy	health	v4	miseq	Supra
DRR030516	DRP002688	healthy	health	v4	miseq	Supra
DRR030517	DRP002688	healthy	health	v4	miseq	Supra
DRR030518	DRP002688	healthy	health	v4	miseq	Supra
DRR030519	DRP002688	healthy	health	v4	miseq	Supra
DRR030520	DRP002688	healthy	health	v4	miseq	Supra
DRR030521	DRP002688	healthy	health	v4	miseq	Supra
DRR030522	DRP002688	healthy	health	v4	miseq	Supra
DRR030523	DRP002688	healthy	health	v4	miseq	Supra
DRR030524	DRP002688	healthy	health	v4	miseq	Supra
DRR030525	DRP002688	healthy	health	v4	miseq	Supra
DRR030526	DRP002688	healthy	health	v4	miseq	Supra
DRR030527	DRP002688	healthy	health	v4	miseq	Supra
DRR030528	DRP002688	healthy	health	v4	miseq	Supra
DRR030529	DRP002688	healthy	health	v4	miseq	Supra
DRR030530	DRP002688	healthy	health	v4	miseq	Supra
DRR030531	DRP002688	healthy	health	v4	miseq	Supra
DRR030532	DRP002688	healthy	health	v4	miseq	Supra
DRR030533	DRP002688	healthy	health	v4	miseq	Supra
DRR030534	DRP002688	healthy	health	v4	miseq	Supra
DRR030535	DRP002688	healthy	health	v4	miseq	Supra
DRR030536	DRP002688	healthy	health	v4	miseq	Supra
DRR030537	DRP002688	healthy	health	v4	miseq	Supra
DRR030538	DRP002688	healthy	health	v4	miseq	Supra
DRR030539	DRP002688	healthy	health	v4	miseq	Supra
DRR030540	DRP002688	healthy	health	v4	miseq	Supra
DRR030541	DRP002688	healthy	health	v4	miseq	Supra
DRR030542	DRP002688	healthy	health	v4	miseq	Supra
DRR030543	DRP002688	healthy	health	v4	miseq	Supra
DRR030544	DRP002688	healthy	health	v4	miseq	Supra
DRR030545	DRP002688	healthy	health	v4	miseq	Supra
DRR030546	DRP002688	healthy	health	v4	miseq	Supra
DRR030547	DRP002688	healthy	health	v4	miseq	Supra
DRR030548	DRP002688	healthy	health	v4	miseq	Supra
DRR030549	DRP002688	healthy	health	v4	miseq	Supra
DRR030550	DRP002688	healthy	health	v4	miseq	Supra
DRR030551	DRP002688	healthy	health	v4	miseq	Supra
DRR030552	DRP002688	healthy	health	v4	miseq	Supra
DRR030553	DRP002688	healthy	health	v4	miseq	Supra
DRR030554	DRP002688	healthy	health	v4	miseq	Supra
DRR030555	DRP002688	healthy	health	v4	miseq	Supra
DRR030556	DRP002688	healthy	health	v4	miseq	Supra
DRR030557	DRP002688	healthy	health	v4	miseq	Supra
DRR030558	DRP002688	healthy	health	v4	miseq	Supra
DRR030559	DRP002688	healthy	health	v4	miseq	Supra
DRR030560	DRP002688	healthy	health	v4	miseq	Supra
DRR030561	DRP002688	healthy	health	v4	miseq	Supra
DRR030562	DRP002688	healthy	health	v4	miseq	Supra
DRR030563	DRP002688	healthy	health	v4	miseq	Supra
DRR030564	DRP002688	healthy	health	v4	miseq	Supra
DRR030565	DRP002688	healthy	health	v4	miseq	Supra
DRR030566	DRP002688	healthy	health	v4	miseq	Supra
DRR030567	DRP002688	healthy	health	v4	miseq	Supra
DRR030568	DRP002688	healthy	health	v4	miseq	Supra
DRR030569	DRP002688	healthy	health	v4	miseq	Supra
DRR030570	DRP002688	healthy	health	v4	miseq	Supra
DRR030571	DRP002688	healthy	health	v4	miseq	Supra
DRR030572	DRP002688	healthy	health	v4	miseq	Supra
DRR030573	DRP002688	healthy	health	v4	miseq	Supra
DRR030574	DRP002688	healthy	health	v4	miseq	Supra
DRR030575	DRP002688	healthy	health	v4	miseq	Supra
DRR030576	DRP002688	healthy	health	v4	miseq	Supra
DRR030577	DRP002688	healthy	health	v4	miseq	Supra
DRR030578	DRP002688	healthy	health	v4	miseq	Supra
DRR030579	DRP002688	healthy	health	v4	miseq	Supra
DRR030580	DRP002688	healthy	health	v4	miseq	Supra
DRR030581	DRP002688	healthy	health	v4	miseq	Supra
DRR030582	DRP002688	healthy	health	v4	miseq	Supra
DRR030583	DRP002688	healthy	health	v4	miseq	Supra
DRR030584	DRP002688	healthy	health	v4	miseq	Supra
DRR030585	DRP002688	healthy	health	v4	miseq	Supra
DRR030586	DRP002688	healthy	health	v4	miseq	Supra
DRR030587	DRP002688	healthy	health	v4	miseq	Supra
DRR030588	DRP002688	healthy	health	v4	miseq	Supra
DRR030589	DRP002688	healthy	health	v4	miseq	Supra
DRR030590	DRP002688	healthy	health	v4	miseq	Supra
DRR030591	DRP002688	healthy	health	v4	miseq	Supra
DRR030592	DRP002688	healthy	health	v4	miseq	Supra
DRR030593	DRP002688	healthy	health	v4	miseq	Supra
DRR030594	DRP002688	healthy	health	v4	miseq	Supra
DRR030595	DRP002688	healthy	health	v4	miseq	Supra
DRR030596	DRP002688	healthy	health	v4	miseq	Supra
DRR030597	DRP002688	healthy	health	v4	miseq	Supra
DRR030598	DRP002688	healthy	health	v4	miseq	Supra
DRR030599	DRP002688	healthy	health	v4	miseq	Supra
DRR030600	DRP002688	healthy	health	v4	miseq	Supra
DRR030601	DRP002688	healthy	health	v4	miseq	Supra
DRR030602	DRP002688	healthy	health	v4	miseq	Supra
DRR030603	DRP002688	healthy	health	v4	miseq	Supra
DRR030604	DRP002688	healthy	health	v4	miseq	Supra
DRR030605	DRP002688	healthy	health	v4	miseq	Supra
DRR030606	DRP002688	healthy	health	v4	miseq	Supra
DRR030607	DRP002688	healthy	health	v4	miseq	Supra
DRR030608	DRP002688	healthy	health	v4	miseq	Supra
DRR030609	DRP002688	healthy	health	v4	miseq	Supra
DRR030610	DRP002688	healthy	health	v4	miseq	Supra
DRR030611	DRP002688	healthy	health	v4	miseq	Supra
DRR030612	DRP002688	healthy	health	v4	miseq	Supra
DRR060269	DRP003793	healthy	health	v4	miseq	Supra
DRR060270	DRP003793	healthy	health	v4	miseq	Supra
DRR060271	DRP003793	healthy	health	v4	miseq	Supra
DRR060272	DRP003793	healthy	health	v4	miseq	Supra
DRR060273	DRP003793	healthy	health	v4	miseq	Supra
DRR060274	DRP003793	healthy	health	v4	miseq	Supra
DRR060275	DRP003793	healthy	health	v4	miseq	Supra
DRR060276	DRP003793	healthy	health	v4	miseq	Supra
DRR060277	DRP003793	healthy	health	v4	miseq	Supra
DRR060278	DRP003793	healthy	health	v4	miseq	Supra
DRR060279	DRP003793	healthy	health	v4	miseq	Supra
DRR060280	DRP003793	healthy	health	v4	miseq	Supra
DRR060281	DRP003793	healthy	health	v4	miseq	Supra
DRR060282	DRP003793	healthy	health	v4	miseq	Supra
DRR060283	DRP003793	healthy	health	v4	miseq	Supra
DRR060284	DRP003793	healthy	health	v4	miseq	Supra
DRR060285	DRP003793	healthy	health	v4	miseq	Supra
DRR060286	DRP003793	healthy	health	v4	miseq	Supra
DRR060287	DRP003793	healthy	health	v4	miseq	Supra
DRR060288	DRP003793	healthy	health	v4	miseq	Supra
DRR060289	DRP003793	healthy	health	v4	miseq	Supra
DRR060290	DRP003793	healthy	health	v4	miseq	Supra
DRR060291	DRP003793	healthy	health	v4	miseq	Supra
DRR060292	DRP003793	healthy	health	v4	miseq	Supra
DRR060293	DRP003793	healthy	health	v4	miseq	Supra
DRR060294	DRP003793	healthy	health	v4	miseq	Supra
DRR060295	DRP003793	healthy	health	v4	miseq	Supra
DRR060296	DRP003793	healthy	health	v4	miseq	Supra
DRR060297	DRP003793	healthy	health	v4	miseq	Supra
DRR060298	DRP003793	healthy	health	v4	miseq	Supra
DRR060299	DRP003793	healthy	health	v4	miseq	Supra
DRR060300	DRP003793	healthy	health	v4	miseq	Supra
DRR060301	DRP003793	healthy	health	v4	miseq	Supra
DRR060302	DRP003793	healthy	health	v4	miseq	Supra
DRR060303	DRP003793	healthy	health	v4	miseq	Supra
DRR060304	DRP003793	healthy	health	v4	miseq	Supra
DRR060305	DRP003793	healthy	health	v4	miseq	Supra
DRR060306	DRP003793	healthy	health	v4	miseq	Supra
DRR060307	DRP003793	healthy	health	v4	miseq	Supra
DRR060308	DRP003793	healthy	health	v4	miseq	Supra
DRR060309	DRP003793	healthy	health	v4	miseq	Supra
DRR060310	DRP003793	healthy	health	v4	miseq	Supra
DRR060311	DRP003793	healthy	health	v4	miseq	Supra
DRR060312	DRP003793	healthy	health	v4	miseq	Supra
DRR060313	DRP003793	healthy	health	v4	miseq	Supra
DRR060314	DRP003793	healthy	health	v4	miseq	Supra
DRR060315	DRP003793	healthy	health	v4	miseq	Supra
DRR060316	DRP003793	healthy	health	v4	miseq	Supra
DRR060317	DRP003793	healthy	health	v4	miseq	Supra
DRR060318	DRP003793	healthy	health	v4	miseq	Supra
DRR060319	DRP003793	healthy	health	v4	miseq	Supra
DRR060320	DRP003793	healthy	health	v4	miseq	Supra
DRR060321	DRP003793	healthy	health	v4	miseq	Supra
DRR060322	DRP003793	healthy	health	v4	miseq	Supra
DRR060323	DRP003793	healthy	health	v4	miseq	Supra
DRR060324	DRP003793	healthy	health	v4	miseq	Supra
DRR060325	DRP003793	healthy	health	v4	miseq	Supra
DRR060326	DRP003793	healthy	health	v4	miseq	Supra
DRR060327	DRP003793	healthy	health	v4	miseq	Supra
DRR060328	DRP003793	healthy	health	v4	miseq	Supra
DRR060329	DRP003793	healthy	health	v4	miseq	Supra
DRR060330	DRP003793	healthy	health	v4	miseq	Supra
DRR060331	DRP003793	healthy	health	v4	miseq	Supra
DRR060332	DRP003793	healthy	health	v4	miseq	Supra
DRR060333	DRP003793	healthy	health	v4	miseq	Supra
DRR060334	DRP003793	healthy	health	v4	miseq	Supra
DRR050763	DRP003098	healthy	health	v4	miseq	Supra
DRR050764	DRP003098	healthy	health	v4	miseq	Supra
DRR050765	DRP003098	healthy	health	v4	miseq	Supra
DRR050766	DRP003098	healthy	health	v4	miseq	Supra
DRR050767	DRP003098	healthy	health	v4	miseq	Supra
DRR050768	DRP003098	healthy	health	v4	miseq	Supra
DRR050769	DRP003098	healthy	health	v4	miseq	Supra
DRR050770	DRP003098	healthy	health	v4	miseq	Supra
DRR050771	DRP003098	healthy	health	v4	miseq	Supra
DRR050772	DRP003098	healthy	health	v4	miseq	Supra
DRR050773	DRP003098	healthy	health	v4	miseq	Supra
DRR050774	DRP003098	healthy	health	v4	miseq	Supra
DRR050775	DRP003098	healthy	health	v4	miseq	Supra
DRR050776	DRP003098	healthy	health	v4	miseq	Supra
DRR050777	DRP003098	healthy	health	v4	miseq	Supra
DRR050778	DRP003098	healthy	health	v4	miseq	Supra
DRR050779	DRP003098	healthy	health	v4	miseq	Supra
DRR050780	DRP003098	healthy	health	v4	miseq	Supra
DRR050781	DRP003098	healthy	health	v4	miseq	Supra
DRR050782	DRP003098	healthy	health	v4	miseq	Supra
DRR050783	DRP003098	healthy	health	v4	miseq	Supra
DRR050784	DRP003098	healthy	health	v4	miseq	Supra
DRR050785	DRP003098	healthy	health	v4	miseq	Supra
DRR050786	DRP003098	healthy	health	v4	miseq	Supra
DRR050787	DRP003098	healthy	health	v4	miseq	Supra
DRR050788	DRP003098	healthy	health	v4	miseq	Supra
DRR050789	DRP003098	healthy	health	v4	miseq	Supra
DRR050790	DRP003098	healthy	health	v4	miseq	Supra
DRR050791	DRP003098	healthy	health	v4	miseq	Supra
DRR050792	DRP003098	healthy	health	v4	miseq	Supra
DRR050793	DRP003098	healthy	health	v4	miseq	Supra
DRR050794	DRP003098	healthy	health	v4	miseq	Supra
DRR050795	DRP003098	healthy	health	v4	miseq	Supra
DRR050796	DRP003098	healthy	health	v4	miseq	Supra
DRR050797	DRP003098	healthy	health	v4	miseq	Supra
DRR050798	DRP003098	healthy	health	v4	miseq	Supra
DRR050799	DRP003098	healthy	health	v4	miseq	Supra
DRR050800	DRP003098	healthy	health	v4	miseq	Supra
DRR050801	DRP003098	healthy	health	v4	miseq	Supra
DRR050802	DRP003098	healthy	health	v4	miseq	Supra
DRR050803	DRP003098	healthy	health	v4	miseq	Supra
DRR050804	DRP003098	healthy	health	v4	miseq	Supra
DRR050805	DRP003098	healthy	health	v4	miseq	Supra
DRR050806	DRP003098	healthy	health	v4	miseq	Supra
DRR050807	DRP003098	healthy	health	v4	miseq	Supra
DRR050808	DRP003098	healthy	health	v4	miseq	Supra
DRR050809	DRP003098	healthy	health	v4	miseq	Supra
DRR050810	DRP003098	healthy	health	v4	miseq	Supra
DRR050811	DRP003098	healthy	health	v4	miseq	Supra
DRR050812	DRP003098	healthy	health	v4	miseq	Supra
DRR050813	DRP003098	healthy	health	v4	miseq	Supra
DRR050814	DRP003098	healthy	health	v4	miseq	Supra
DRR050815	DRP003098	healthy	health	v4	miseq	Supra
DRR050816	DRP003098	healthy	health	v4	miseq	Supra
DRR050817	DRP003098	healthy	health	v4	miseq	Supra
DRR050818	DRP003098	healthy	health	v4	miseq	Supra
DRR050819	DRP003098	healthy	health	v4	miseq	Supra
DRR050820	DRP003098	healthy	health	v4	miseq	Supra
DRR050821	DRP003098	healthy	health	v4	miseq	Supra
DRR050822	DRP003098	healthy	health	v4	miseq	Supra
DRR050823	DRP003098	healthy	health	v4	miseq	Supra
DRR050824	DRP003098	healthy	health	v4	miseq	Supra
DRR050825	DRP003098	healthy	health	v4	miseq	Supra
DRR050826	DRP003098	healthy	health	v4	miseq	Supra
DRR050827	DRP003098	healthy	health	v4	miseq	Supra
DRR050828	DRP003098	healthy	health	v4	miseq	Supra
DRR050829	DRP003098	healthy	health	v4	miseq	Supra
DRR050830	DRP003098	healthy	health	v4	miseq	Supra
DRR050831	DRP003098	healthy	health	v4	miseq	Supra
DRR050832	DRP003098	healthy	health	v4	miseq	Supra
DRR050833	DRP003098	healthy	health	v4	miseq	Supra
DRR050834	DRP003098	healthy	health	v4	miseq	Supra
DRR050835	DRP003098	healthy	health	v4	miseq	Supra
DRR050836	DRP003098	healthy	health	v4	miseq	Supra
DRR050837	DRP003098	healthy	health	v4	miseq	Supra
DRR050838	DRP003098	healthy	health	v4	miseq	Supra
DRR050839	DRP003098	healthy	health	v4	miseq	Supra
DRR050840	DRP003098	healthy	health	v4	miseq	Supra
DRR050841	DRP003098	healthy	health	v4	miseq	Supra
DRR050842	DRP003098	healthy	health	v4	miseq	Supra
DRR050843	DRP003098	healthy	health	v4	miseq	Supra
DRR050844	DRP003098	healthy	health	v4	miseq	Supra
DRR050845	DRP003098	healthy	health	v4	miseq	Supra
DRR050846	DRP003098	healthy	health	v4	miseq	Supra
DRR050847	DRP003098	healthy	health	v4	miseq	Supra
DRR050848	DRP003098	healthy	health	v4	miseq	Supra
DRR050849	DRP003098	healthy	health	v4	miseq	Supra
DRR050850	DRP003098	healthy	health	v4	miseq	Supra
DRR050851	DRP003098	healthy	health	v4	miseq	Supra
DRR050852	DRP003098	healthy	health	v4	miseq	Supra
DRR050853	DRP003098	healthy	health	v4	miseq	Supra
DRR050854	DRP003098	healthy	health	v4	miseq	Supra
DRR050855	DRP003098	healthy	health	v4	miseq	Supra
DRR050856	DRP003098	healthy	health	v4	miseq	Supra
DRR050857	DRP003098	healthy	health	v4	miseq	Supra
DRR050858	DRP003098	healthy	health	v4	miseq	Supra
DRR050859	DRP003098	healthy	health	v4	miseq	Supra
DRR050860	DRP003098	healthy	health	v4	miseq	Supra
DRR050861	DRP003098	healthy	health	v4	miseq	Supra
DRR050862	DRP003098	healthy	health	v4	miseq	Supra
DRR050863	DRP003098	healthy	health	v4	miseq	Supra
DRR050864	DRP003098	healthy	health	v4	miseq	Supra
DRR050865	DRP003098	healthy	health	v4	miseq	Supra
DRR050866	DRP003098	healthy	health	v4	miseq	Supra
DRR050867	DRP003098	healthy	health	v4	miseq	Supra
DRR050868	DRP003098	healthy	health	v4	miseq	Supra
DRR050869	DRP003098	healthy	health	v4	miseq	Supra
DRR050870	DRP003098	healthy	health	v4	miseq	Supra
DRR050871	DRP003098	healthy	health	v4	miseq	Supra
DRR050872	DRP003098	healthy	health	v4	miseq	Supra
DRR050873	DRP003098	healthy	health	v4	miseq	Supra
DRR050874	DRP003098	healthy	health	v4	miseq	Supra
DRR050875	DRP003098	healthy	health	v4	miseq	Supra
DRR050876	DRP003098	healthy	health	v4	miseq	Supra
DRR050877	DRP003098	healthy	health	v4	miseq	Supra
DRR050878	DRP003098	healthy	health	v4	miseq	Supra
DRR050879	DRP003098	healthy	health	v4	miseq	Supra
DRR050880	DRP003098	healthy	health	v4	miseq	Supra
DRR050881	DRP003098	healthy	health	v4	miseq	Supra
DRR050882	DRP003098	healthy	health	v4	miseq	Supra
DRR050883	DRP003098	healthy	health	v4	miseq	Supra
DRR050884	DRP003098	healthy	health	v4	miseq	Supra
DRR050885	DRP003098	healthy	health	v4	miseq	Supra
DRR050886	DRP003098	healthy	health	v4	miseq	Supra
DRR050887	DRP003098	healthy	health	v4	miseq	Supra
DRR050888	DRP003098	healthy	health	v4	miseq	Supra
DRR050889	DRP003098	healthy	health	v4	miseq	Supra
DRR050890	DRP003098	healthy	health	v4	miseq	Supra
DRR050891	DRP003098	healthy	health	v4	miseq	Supra
DRR050892	DRP003098	healthy	health	v4	miseq	Supra
DRR050893	DRP003098	healthy	health	v4	miseq	Supra
DRR050894	DRP003098	healthy	health	v4	miseq	Supra
DRR050895	DRP003098	healthy	health	v4	miseq	Supra
DRR050896	DRP003098	healthy	health	v4	miseq	Supra
DRR050897	DRP003098	healthy	health	v4	miseq	Supra
DRR050898	DRP003098	healthy	health	v4	miseq	Supra
DRR050899	DRP003098	healthy	health	v4	miseq	Supra
DRR050900	DRP003098	healthy	health	v4	miseq	Supra
DRR050901	DRP003098	healthy	health	v4	miseq	Supra
DRR050902	DRP003098	healthy	health	v4	miseq	Supra
DRR050903	DRP003098	healthy	health	v4	miseq	Supra
DRR050904	DRP003098	healthy	health	v4	miseq	Supra
DRR050905	DRP003098	healthy	health	v4	miseq	Supra
DRR050906	DRP003098	healthy	health	v4	miseq	Supra
DRR050907	DRP003098	healthy	health	v4	miseq	Supra
DRR050908	DRP003098	healthy	health	v4	miseq	Supra
DRR050909	DRP003098	healthy	health	v4	miseq	Supra
DRR050910	DRP003098	healthy	health	v4	miseq	Supra
DRR050911	DRP003098	healthy	health	v4	miseq	Supra
DRR050912	DRP003098	healthy	health	v4	miseq	Supra
DRR050913	DRP003098	healthy	health	v4	miseq	Supra
DRR050914	DRP003098	healthy	health	v4	miseq	Supra
DRR050915	DRP003098	healthy	health	v4	miseq	Supra
DRR050916	DRP003098	healthy	health	v4	miseq	Supra
DRR050917	DRP003098	healthy	health	v4	miseq	Supra
DRR050918	DRP003098	healthy	health	v4	miseq	Supra
DRR050919	DRP003098	healthy	health	v4	miseq	Supra
DRR050920	DRP003098	healthy	health	v4	miseq	Supra
DRR050921	DRP003098	healthy	health	v4	miseq	Supra
DRR050922	DRP003098	healthy	health	v4	miseq	Supra
DRR050923	DRP003098	healthy	health	v4	miseq	Supra
DRR050924	DRP003098	healthy	health	v4	miseq	Supra
DRR050925	DRP003098	healthy	health	v4	miseq	Supra
DRR050926	DRP003098	healthy	health	v4	miseq	Supra
DRR050927	DRP003098	healthy	health	v4	miseq	Supra
DRR050928	DRP003098	healthy	health	v4	miseq	Supra
DRR050929	DRP003098	healthy	health	v4	miseq	Supra
DRR050930	DRP003098	healthy	health	v4	miseq	Supra
DRR050931	DRP003098	healthy	health	v4	miseq	Supra
DRR050932	DRP003098	healthy	health	v4	miseq	Supra
DRR050933	DRP003098	healthy	health	v4	miseq	Supra
DRR050934	DRP003098	healthy	health	v4	miseq	Supra
DRR050935	DRP003098	healthy	health	v4	miseq	Supra
DRR050936	DRP003098	healthy	health	v4	miseq	Supra
DRR050937	DRP003098	healthy	health	v4	miseq	Supra
DRR050938	DRP003098	healthy	health	v4	miseq	Supra
DRR050939	DRP003098	healthy	health	v4	miseq	Supra
DRR050940	DRP003098	healthy	health	v4	miseq	Supra
DRR050941	DRP003098	healthy	health	v4	miseq	Supra
DRR050942	DRP003098	healthy	health	v4	miseq	Supra
DRR050943	DRP003098	healthy	health	v4	miseq	Supra
DRR050944	DRP003098	healthy	health	v4	miseq	Supra
DRR050945	DRP003098	healthy	health	v4	miseq	Supra
DRR050946	DRP003098	healthy	health	v4	miseq	Supra
DRR050947	DRP003098	healthy	health	v4	miseq	Supra
DRR050948	DRP003098	healthy	health	v4	miseq	Supra
DRR050949	DRP003098	healthy	health	v4	miseq	Supra
DRR050950	DRP003098	healthy	health	v4	miseq	Supra
DRR050951	DRP003098	healthy	health	v4	miseq	Supra
DRR050952	DRP003098	healthy	health	v4	miseq	Supra
DRR050953	DRP003098	healthy	health	v4	miseq	Supra
DRR050954	DRP003098	healthy	health	v4	miseq	Supra
DRR050955	DRP003098	healthy	health	v4	miseq	Supra
DRR050956	DRP003098	healthy	health	v4	miseq	Supra
SRR3210052	SRP071254	disease	caries	v4	miseq	Plaque
SRR3210053	SRP071254	disease	caries	v4	miseq	Plaque
SRR3210054	SRP071254	disease	caries	v4	miseq	Plaque
SRR3210055	SRP071254	disease	caries	v4	miseq	Plaque
SRR3210056	SRP071254	disease	caries	v4	miseq	Plaque
SRR3210057	SRP071254	disease	caries	v4	miseq	Plaque
SRR3210058	SRP071254	disease	caries	v4	miseq	Plaque
SRR3210059	SRP071254	disease	caries	v4	miseq	Plaque
SRR3210060	SRP071254	disease	caries	v4	miseq	Plaque
SRR3210061	SRP071254	disease	caries	v4	miseq	Plaque
ERR494350	ERP005509	disease	perid	v3	miseq	Supra
ERR494353	ERP005509	disease	perid	v3	miseq	Supra
ERR494356	ERP005509	disease	perid	v3	miseq	Supra
ERR494359	ERP005509	disease	perid	v3	miseq	Supra
ERR494362	ERP005509	disease	perid	v3	miseq	Supra
ERR494365	ERP005509	disease	perid	v3	miseq	Supra
ERR494368	ERP005509	disease	perid	v3	miseq	Supra
ERR494371	ERP005509	disease	perid	v3	miseq	Supra
ERR494374	ERP005509	disease	perid	v3	miseq	Supra
ERR494377	ERP005509	disease	perid	v3	miseq	Supra
ERR494380	ERP005509	disease	perid	v3	miseq	Supra
ERR494383	ERP005509	disease	perid	v3	miseq	Supra
ERR494386	ERP005509	disease	perid	v3	miseq	Supra
ERR494349	ERP005509	disease	perid	v3	miseq	Subg
ERR494352	ERP005509	disease	perid	v3	miseq	Subg
ERR494355	ERP005509	disease	perid	v3	miseq	Subg
ERR494358	ERP005509	disease	perid	v3	miseq	Subg
ERR494361	ERP005509	disease	perid	v3	miseq	Subg
ERR494364	ERP005509	disease	perid	v3	miseq	Subg
ERR494367	ERP005509	disease	perid	v3	miseq	Subg
ERR494370	ERP005509	disease	perid	v3	miseq	Subg
ERR494373	ERP005509	disease	perid	v3	miseq	Subg
ERR494376	ERP005509	disease	perid	v3	miseq	Subg
ERR494379	ERP005509	disease	perid	v3	miseq	Subg
ERR494382	ERP005509	disease	perid	v3	miseq	Subg
ERR494385	ERP005509	disease	perid	v3	miseq	Subg
SRR5178070	SRP077982	disease	perid	v4	miseq	Subg
SRR5178071	SRP077982	disease	perid	v4	miseq	Subg
SRR5178072	SRP077982	disease	perid	v4	miseq	Subg
SRR5178073	SRP077982	disease	perid	v4	miseq	Subg
SRR5178074	SRP077982	disease	perid	v4	miseq	Subg
SRR5178075	SRP077982	disease	perid	v4	miseq	Subg
SRR5178076	SRP077982	disease	perid	v4	miseq	Subg
SRR5178077	SRP077982	disease	perid	v4	miseq	Subg
SRR5178078	SRP077982	disease	perid	v4	miseq	Subg
SRR5178079	SRP077982	disease	perid	v4	miseq	Subg
SRR5178080	SRP077982	disease	perid	v4	miseq	Subg
SRR5178081	SRP077982	disease	perid	v4	miseq	Subg
SRR5178082	SRP077982	disease	perid	v4	miseq	Subg
SRR5178083	SRP077982	disease	perid	v4	miseq	Subg
SRR5178084	SRP077982	disease	perid	v4	miseq	Subg
SRR5178085	SRP077982	disease	perid	v4	miseq	Subg
SRR5178086	SRP077982	disease	perid	v4	miseq	Subg
SRR5178087	SRP077982	disease	perid	v4	miseq	Subg
SRR5178088	SRP077982	disease	perid	v4	miseq	Subg
SRR5178089	SRP077982	disease	perid	v4	miseq	Subg
SRR5178090	SRP077982	disease	perid	v4	miseq	Subg
SRR5178091	SRP077982	disease	perid	v4	miseq	Subg
SRR5178092	SRP077982	disease	perid	v4	miseq	Subg
SRR5178093	SRP077982	disease	perid	v4	miseq	Subg
SRR5178094	SRP077982	disease	perid	v4	miseq	Subg
SRR5178095	SRP077982	disease	perid	v4	miseq	Subg
SRR5178096	SRP077982	disease	perid	v4	miseq	Subg
SRR5178097	SRP077982	disease	perid	v4	miseq	Subg
SRR5178098	SRP077982	disease	perid	v4	miseq	Subg
SRR5178099	SRP077982	disease	perid	v4	miseq	Subg
SRR5178100	SRP077982	disease	perid	v4	miseq	Subg
SRR5178101	SRP077982	disease	perid	v4	miseq	Subg
SRR5178102	SRP077982	disease	perid	v4	miseq	Subg
SRR5178103	SRP077982	disease	perid	v4	miseq	Subg
SRR5178104	SRP077982	disease	perid	v4	miseq	Subg
SRR5178105	SRP077982	disease	perid	v4	miseq	Subg
SRR5178107	SRP077982	disease	perid	v4	miseq	Subg
SRR5178108	SRP077982	disease	perid	v4	miseq	Subg
SRR5178109	SRP077982	disease	perid	v4	miseq	Subg
SRR5178110	SRP077982	disease	perid	v4	miseq	Subg
SRR5178111	SRP077982	disease	perid	v4	miseq	Subg
SRR5178112	SRP077982	disease	perid	v4	miseq	Subg
SRR5178113	SRP077982	disease	perid	v4	miseq	Subg
SRR5178114	SRP077982	disease	perid	v4	miseq	Subg
SRR5178115	SRP077982	disease	perid	v4	miseq	Subg
SRR5178116	SRP077982	disease	perid	v4	miseq	Subg
SRR5178117	SRP077982	disease	perid	v4	miseq	Subg
SRR5178118	SRP077982	disease	perid	v4	miseq	Subg
SRR5178119	SRP077982	disease	perid	v4	miseq	Subg
SRR5178120	SRP077982	disease	perid	v4	miseq	Subg
SRR5178121	SRP077982	disease	perid	v4	miseq	Subg
SRR5178122	SRP077982	disease	perid	v4	miseq	Subg
SRR5178123	SRP077982	disease	perid	v4	miseq	Subg
SRR5178124	SRP077982	disease	perid	v4	miseq	Subg
SRR5178125	SRP077982	disease	perid	v4	miseq	Subg
SRR5178126	SRP077982	disease	perid	v4	miseq	Subg
SRR5178127	SRP077982	disease	perid	v4	miseq	Subg
SRR5178128	SRP077982	disease	perid	v4	miseq	Subg
SRR5178129	SRP077982	disease	perid	v4	miseq	Subg
SRR5178130	SRP077982	disease	perid	v4	miseq	Subg
SRR5178131	SRP077982	disease	perid	v4	miseq	Subg
SRR5178132	SRP077982	disease	perid	v4	miseq	Subg
SRR5178133	SRP077982	disease	perid	v4	miseq	Subg
SRR5178134	SRP077982	disease	perid	v4	miseq	Subg
SRR5178135	SRP077982	disease	perid	v4	miseq	Subg
SRR5178136	SRP077982	disease	perid	v4	miseq	Subg
SRR5178137	SRP077982	disease	perid	v4	miseq	Subg
SRR5178138	SRP077982	disease	perid	v4	miseq	Subg
SRR5178139	SRP077982	disease	perid	v4	miseq	Subg
SRR5178140	SRP077982	disease	perid	v4	miseq	Subg
SRR5178141	SRP077982	disease	perid	v4	miseq	Subg
SRR5178142	SRP077982	disease	perid	v4	miseq	Subg
SRR5178143	SRP077982	disease	perid	v4	miseq	Subg
SRR5178144	SRP077982	disease	perid	v4	miseq	Subg
SRR5178145	SRP077982	disease	perid	v4	miseq	Subg
SRR5178146	SRP077982	disease	perid	v4	miseq	Subg
SRR5178147	SRP077982	disease	perid	v4	miseq	Subg
SRR5178148	SRP077982	disease	perid	v4	miseq	Subg
SRR5178149	SRP077982	disease	perid	v4	miseq	Subg
SRR5178150	SRP077982	disease	perid	v4	miseq	Subg
SRR6239859	SRP123221	disease	perid	v3_v4	miseq	Subg
SRR6239860	SRP123221	disease	perid	v3_v4	miseq	Subg
SRR6239861	SRP123221	disease	perid	v3_v4	miseq	Subg
SRR6239862	SRP123221	disease	perid	v3_v4	miseq	Subg
SRR6239863	SRP123221	disease	perid	v3_v4	miseq	Subg
SRR6239864	SRP123221	disease	perid	v3_v4	miseq	Subg
SRR6239865	SRP123221	disease	perid	v3_v4	miseq	Subg
SRR6239866	SRP123221	disease	perid	v3_v4	miseq	Subg
SRR6239867	SRP123221	disease	perid	v3_v4	miseq	Subg
SRR6239868	SRP123221	disease	perid	v3_v4	miseq	Subg
SRR6239869	SRP123221	disease	perid	v3_v4	miseq	Subg
SRR6239870	SRP123221	disease	perid	v3_v4	miseq	Subg
SRR6239871	SRP123221	disease	perid	v3_v4	miseq	Subg
SRR6239872	SRP123221	disease	perid	v3_v4	miseq	Subg
SRR6239873	SRP123221	disease	perid	v3_v4	miseq	Subg
SRR6239874	SRP123221	disease	perid	v3_v4	miseq	Subg
SRR6239875	SRP123221	disease	perid	v3_v4	miseq	Subg
SRR6239876	SRP123221	disease	perid	v3_v4	miseq	Subg
SRR6239877	SRP123221	disease	perid	v3_v4	miseq	Subg
SRR6239878	SRP123221	disease	perid	v3_v4	miseq	Subg
SRR6239879	SRP123221	disease	perid	v3_v4	miseq	Subg
SRR6239880	SRP123221	disease	perid	v3_v4	miseq	Subg
SRR6239881	SRP123221	disease	perid	v3_v4	miseq	Subg
SRR6239882	SRP123221	disease	perid	v3_v4	miseq	Subg
SRR6239883	SRP123221	disease	perid	v3_v4	miseq	Subg
SRR6239884	SRP123221	disease	perid	v3_v4	miseq	Subg
SRR6239885	SRP123221	disease	perid	v3_v4	miseq	Subg
SRR6239886	SRP123221	disease	perid	v3_v4	miseq	Subg
SRR6239887	SRP123221	disease	perid	v3_v4	miseq	Subg
SRR6239888	SRP123221	disease	perid	v3_v4	miseq	Subg
SRR6239889	SRP123221	disease	perid	v3_v4	miseq	Subg
SRR6239890	SRP123221	disease	perid	v3_v4	miseq	Subg
SRR6239891	SRP123221	disease	perid	v3_v4	miseq	Subg
SRR6239892	SRP123221	disease	perid	v3_v4	miseq	Subg
SRR6239893	SRP123221	disease	perid	v3_v4	miseq	Subg
SRR6239894	SRP123221	disease	perid	v3_v4	miseq	Subg
SRR6239895	SRP123221	disease	perid	v3_v4	miseq	Subg
SRR6239896	SRP123221	disease	perid	v3_v4	miseq	Subg
SRR6239897	SRP123221	disease	perid	v3_v4	miseq	Subg
SRR6239898	SRP123221	disease	perid	v3_v4	miseq	Subg
SRR6239899	SRP123221	disease	perid	v3_v4	miseq	Subg
SRR6239900	SRP123221	disease	perid	v3_v4	miseq	Subg
SRR6239901	SRP123221	disease	perid	v3_v4	miseq	Subg
SRR6239902	SRP123221	disease	perid	v3_v4	miseq	Subg
SRR6239903	SRP123221	disease	perid	v3_v4	miseq	Subg
SRR6239904	SRP123221	disease	perid	v3_v4	miseq	Subg
SRR6239905	SRP123221	disease	perid	v3_v4	miseq	Subg
SRR6239906	SRP123221	disease	perid	v3_v4	miseq	Subg
SRR6239907	SRP123221	disease	perid	v3_v4	miseq	Subg
SRR6239908	SRP123221	disease	perid	v3_v4	miseq	Subg
SRR6239909	SRP123221	disease	perid	v3_v4	miseq	Subg
SRR6239910	SRP123221	disease	perid	v3_v4	miseq	Subg
SRR6239911	SRP123221	disease	perid	v3_v4	miseq	Subg
SRR6239912	SRP123221	disease	perid	v3_v4	miseq	Subg
SRR6239913	SRP123221	disease	perid	v3_v4	miseq	Subg
SRR6239914	SRP123221	disease	perid	v3_v4	miseq	Subg
SRR6239915	SRP123221	disease	perid	v3_v4	miseq	Subg
SRR6239916	SRP123221	disease	perid	v3_v4	miseq	Subg
SRR6239917	SRP123221	disease	perid	v3_v4	miseq	Subg
SRR6239918	SRP123221	disease	perid	v3_v4	miseq	Subg
SRR6239919	SRP123221	disease	perid	v3_v4	miseq	Subg
SRR6239920	SRP123221	disease	perid	v3_v4	miseq	Subg
SRR6239921	SRP123221	disease	perid	v3_v4	miseq	Subg
SRR6239922	SRP123221	disease	perid	v3_v4	miseq	Subg
SRR6239923	SRP123221	disease	perid	v3_v4	miseq	Subg
SRR6239924	SRP123221	disease	perid	v3_v4	miseq	Subg
SRR6239925	SRP123221	disease	perid	v3_v4	miseq	Subg
SRR5724716	SRP110002	disease	perid	v1_v3	hiseq	Subg
SRR5724717	SRP110002	disease	perid	v1_v3	hiseq	Subg
SRR5724718	SRP110002	disease	perid	v1_v3	hiseq	Subg
SRR5724719	SRP110002	disease	perid	v1_v3	hiseq	Subg
SRR5724720	SRP110002	disease	perid	v1_v3	hiseq	Subg
SRR5724721	SRP110002	disease	perid	v1_v3	hiseq	Subg
SRR5724722	SRP110002	disease	perid	v1_v3	hiseq	Subg
SRR5724723	SRP110002	disease	perid	v1_v3	hiseq	Subg
SRR5724724	SRP110002	disease	perid	v1_v3	hiseq	Subg
SRR5724725	SRP110002	disease	perid	v1_v3	hiseq	Subg
SRR5724726	SRP110002	disease	perid	v1_v3	hiseq	Subg
SRR5724727	SRP110002	disease	perid	v1_v3	hiseq	Subg
SRR5724728	SRP110002	disease	perid	v1_v3	hiseq	Subg
SRR5724729	SRP110002	disease	perid	v1_v3	hiseq	Subg
SRR5724730	SRP110002	disease	perid	v1_v3	hiseq	Subg
SRR5724731	SRP110002	disease	perid	v1_v3	hiseq	Subg
SRR5724732	SRP110002	disease	perid	v1_v3	hiseq	Subg
SRR5724733	SRP110002	disease	perid	v1_v3	hiseq	Subg
SRR5724734	SRP110002	disease	perid	v1_v3	hiseq	Subg
SRR5724735	SRP110002	disease	perid	v1_v3	hiseq	Subg
SRR5724736	SRP110002	disease	perid	v1_v3	hiseq	Subg
ERR2624743	ERP109049	healthy	health	v4_v6	miseq	Supra
ERR2624744	ERP109049	healthy	health	v4_v6	miseq	Supra
ERR2624745	ERP109049	healthy	health	v4_v6	miseq	Supra
ERR2624746	ERP109049	healthy	health	v4_v6	miseq	Supra
ERR2624747	ERP109049	healthy	health	v4_v6	miseq	Supra
ERR2624748	ERP109049	healthy	health	v4_v6	miseq	Supra
ERR2624749	ERP109049	healthy	health	v4_v6	miseq	Supra
ERR2624750	ERP109049	healthy	health	v4_v6	miseq	Supra
ERR2624751	ERP109049	healthy	health	v4_v6	miseq	Supra
ERR2624752	ERP109049	healthy	health	v4_v6	miseq	Supra
ERR2624753	ERP109049	healthy	health	v4_v6	miseq	Supra
ERR2624754	ERP109049	healthy	health	v4_v6	miseq	Supra
ERR2624755	ERP109049	healthy	health	v4_v6	miseq	Supra
ERR2624756	ERP109049	healthy	health	v4_v6	miseq	Supra
ERR2624757	ERP109049	healthy	health	v4_v6	miseq	Supra
ERR2624758	ERP109049	healthy	health	v4_v6	miseq	Supra
ERR2624759	ERP109049	healthy	health	v4_v6	miseq	Supra
ERR2624760	ERP109049	healthy	health	v4_v6	miseq	Supra
ERR2624761	ERP109049	healthy	health	v4_v6	miseq	Supra
ERR2624762	ERP109049	healthy	health	v4_v6	miseq	Supra
ERR2624763	ERP109049	healthy	health	v4_v6	miseq	Supra
ERR2624764	ERP109049	healthy	health	v4_v6	miseq	Supra
ERR2624765	ERP109049	healthy	health	v4_v6	miseq	Supra
ERR2624766	ERP109049	healthy	health	v4_v6	miseq	Supra
ERR2624767	ERP109049	healthy	health	v4_v6	miseq	Supra
ERR2624768	ERP109049	healthy	health	v4_v6	miseq	Supra
ERR2624769	ERP109049	healthy	health	v4_v6	miseq	Supra
ERR2624770	ERP109049	healthy	health	v4_v6	miseq	Supra
ERR2624771	ERP109049	healthy	health	v4_v6	miseq	Supra
ERR2624772	ERP109049	healthy	health	v4_v6	miseq	Supra
ERR2624773	ERP109049	healthy	health	v4_v6	miseq	Supra
ERR2624774	ERP109049	healthy	health	v4_v6	miseq	Supra
ERR2624775	ERP109049	healthy	health	v4_v6	miseq	Supra
ERR2624776	ERP109049	healthy	health	v4_v6	miseq	Supra
ERR2624777	ERP109049	healthy	health	v4_v6	miseq	Supra
ERR2624778	ERP109049	healthy	health	v4_v6	miseq	Supra
ERR2624779	ERP109049	healthy	health	v4_v6	miseq	Supra
ERR2624780	ERP109049	healthy	health	v4_v6	miseq	Supra
ERR2624781	ERP109049	healthy	health	v4_v6	miseq	Supra
ERR2624782	ERP109049	healthy	health	v4_v6	miseq	Supra
ERR2624783	ERP109049	healthy	health	v4_v6	miseq	Supra
ERR2624784	ERP109049	healthy	health	v4_v6	miseq	Supra
ERR2624785	ERP109049	healthy	health	v4_v6	miseq	Supra
ERR2624786	ERP109049	healthy	health	v4_v6	miseq	Supra
ERR2624787	ERP109049	healthy	health	v4_v6	miseq	Supra
ERR2624788	ERP109049	healthy	health	v4_v6	miseq	Supra
ERR2624789	ERP109049	healthy	health	v4_v6	miseq	Supra
ERR2624790	ERP109049	healthy	health	v4_v6	miseq	Supra
ERR2624791	ERP109049	healthy	health	v4_v6	miseq	Supra
ERR2624792	ERP109049	healthy	health	v4_v6	miseq	Supra
ERR2624793	ERP109049	healthy	health	v4_v6	miseq	Supra
ERR2624794	ERP109049	healthy	health	v4_v6	miseq	Supra
ERR2624795	ERP109049	healthy	health	v4_v6	miseq	Supra
ERR2624796	ERP109049	healthy	health	v4_v6	miseq	Supra
ERR2624797	ERP109049	healthy	health	v4_v6	miseq	Supra
ERR2624798	ERP109049	healthy	health	v4_v6	miseq	Supra
ERR2624799	ERP109049	healthy	health	v4_v6	miseq	Supra
ERR2624800	ERP109049	healthy	health	v4_v6	miseq	Supra
ERR2624801	ERP109049	healthy	health	v4_v6	miseq	Supra
ERR2624802	ERP109049	healthy	health	v4_v6	miseq	Supra
SRR1175848	SRP038908	healthy	health	v3	miseq	Plaque
SRR1175849	SRP038908	healthy	health	v3	miseq	Plaque
SRR1175851	SRP038908	healthy	health	v3	miseq	Plaque
SRR1175852	SRP038908	healthy	health	v3	miseq	Plaque
SRR1175840	SRP038908	disease	caries	v3	miseq	Plaque
SRR1175842	SRP038908	disease	caries	v3	miseq	Plaque
SRR1175843	SRP038908	disease	caries	v3	miseq	Plaque
SRR1175844	SRP038908	disease	caries	v3	miseq	Plaque
SRR1175845	SRP038908	disease	caries	v3	miseq	Plaque
SRR1175846	SRP038908	disease	caries	v3	miseq	Plaque
SRR1175847	SRP038908	disease	caries	v3	miseq	Plaque
SRR1745926	SRP051741	disease	perid	v1_v3	454	Subg
SRR1745927	SRP051741	disease	perid	v1_v3	454	Subg
SRR1745928	SRP051741	disease	perid	v1_v3	454	Subg
SRR1745929	SRP051741	disease	perid	v1_v3	454	Subg
SRR1745930	SRP051741	disease	perid	v1_v3	454	Subg
SRR1745931	SRP051741	disease	perid	v1_v3	454	Subg
SRR1745932	SRP051741	disease	perid	v1_v3	454	Subg
SRR1745933	SRP051741	disease	perid	v1_v3	454	Subg
SRR1745934	SRP051741	disease	perid	v1_v3	454	Subg
SRR1745935	SRP051741	disease	perid	v1_v3	454	Subg
SRR1658899	SRP049665	disease	caries	v1_v4	454	Plaque
SRR1658908	SRP049665	disease	caries	v1_v4	454	Plaque
SRR1658910	SRP049665	disease	caries	v1_v4	454	Plaque
SRR5467515	SRP104798	healthy	health	v4	miseq	Plaque
SRR5467516	SRP104798	healthy	health	v4	miseq	Plaque
SRR5467521	SRP104798	healthy	health	v4	miseq	Plaque
SRR5467522	SRP104798	healthy	health	v4	miseq	Plaque
SRR5467523	SRP104798	healthy	health	v4	miseq	Plaque
SRR5467524	SRP104798	healthy	health	v4	miseq	Plaque
SRR5467525	SRP104798	healthy	health	v4	miseq	Plaque
SRR5467526	SRP104798	healthy	health	v4	miseq	Plaque
SRR5467527	SRP104798	healthy	health	v4	miseq	Plaque
SRR5467528	SRP104798	healthy	health	v4	miseq	Plaque
SRR5467529	SRP104798	healthy	health	v4	miseq	Plaque
SRR5467530	SRP104798	healthy	health	v4	miseq	Plaque
SRR5467533	SRP104798	healthy	health	v4	miseq	Plaque
SRR5467534	SRP104798	healthy	health	v4	miseq	Plaque
SRR5467535	SRP104798	healthy	health	v4	miseq	Plaque
SRR5467536	SRP104798	healthy	health	v4	miseq	Plaque
SRR5467537	SRP104798	healthy	health	v4	miseq	Plaque
SRR5467538	SRP104798	healthy	health	v4	miseq	Plaque
SRR5467543	SRP104798	healthy	health	v4	miseq	Plaque
SRR5467544	SRP104798	healthy	health	v4	miseq	Plaque
SRR5467545	SRP104798	healthy	health	v4	miseq	Plaque
SRR5467546	SRP104798	healthy	health	v4	miseq	Plaque
SRR5467547	SRP104798	healthy	health	v4	miseq	Plaque
SRR5467548	SRP104798	healthy	health	v4	miseq	Plaque
SRR5467549	SRP104798	healthy	health	v4	miseq	Plaque
SRR5467550	SRP104798	healthy	health	v4	miseq	Plaque
SRR5467551	SRP104798	healthy	health	v4	miseq	Plaque
SRR5467552	SRP104798	healthy	health	v4	miseq	Plaque
SRR5467559	SRP104798	healthy	health	v4	miseq	Plaque
SRR5467561	SRP104798	healthy	health	v4	miseq	Plaque
SRR5467562	SRP104798	healthy	health	v4	miseq	Plaque
SRR5467563	SRP104798	healthy	health	v4	miseq	Plaque
SRR5467564	SRP104798	healthy	health	v4	miseq	Plaque
SRR5467565	SRP104798	healthy	health	v4	miseq	Plaque
SRR5467566	SRP104798	healthy	health	v4	miseq	Plaque
SRR5467567	SRP104798	healthy	health	v4	miseq	Plaque
SRR5467569	SRP104798	healthy	health	v4	miseq	Plaque
SRR5467570	SRP104798	healthy	health	v4	miseq	Plaque
SRR5467571	SRP104798	healthy	health	v4	miseq	Plaque
SRR5467572	SRP104798	healthy	health	v4	miseq	Plaque
SRR5467573	SRP104798	healthy	health	v4	miseq	Plaque
SRR5467574	SRP104798	healthy	health	v4	miseq	Plaque
SRR5467575	SRP104798	healthy	health	v4	miseq	Plaque
SRR5467576	SRP104798	healthy	health	v4	miseq	Plaque
SRR5467577	SRP104798	healthy	health	v4	miseq	Plaque
SRR5467578	SRP104798	healthy	health	v4	miseq	Plaque
SRR5467583	SRP104798	healthy	health	v4	miseq	Plaque
SRR5467584	SRP104798	healthy	health	v4	miseq	Plaque
SRR5467585	SRP104798	healthy	health	v4	miseq	Plaque
SRR5467586	SRP104798	healthy	health	v4	miseq	Plaque
SRR5467588	SRP104798	healthy	health	v4	miseq	Plaque
SRR5467589	SRP104798	healthy	health	v4	miseq	Plaque
SRR5467590	SRP104798	healthy	health	v4	miseq	Plaque
SRR5467591	SRP104798	healthy	health	v4	miseq	Plaque
SRR5467592	SRP104798	healthy	health	v4	miseq	Plaque
SRR5467593	SRP104798	healthy	health	v4	miseq	Plaque
SRR5467594	SRP104798	healthy	health	v4	miseq	Plaque
SRR5467595	SRP104798	healthy	health	v4	miseq	Plaque
SRR5467596	SRP104798	healthy	health	v4	miseq	Plaque
SRR5467599	SRP104798	healthy	health	v4	miseq	Plaque
SRR5467600	SRP104798	healthy	health	v4	miseq	Plaque
SRR5467601	SRP104798	healthy	health	v4	miseq	Plaque
SRR5467602	SRP104798	healthy	health	v4	miseq	Plaque
SRR5467603	SRP104798	healthy	health	v4	miseq	Plaque
SRR5467604	SRP104798	healthy	health	v4	miseq	Plaque
SRR5467605	SRP104798	healthy	health	v4	miseq	Plaque
SRR5467606	SRP104798	healthy	health	v4	miseq	Plaque
SRR5467607	SRP104798	healthy	health	v4	miseq	Plaque
SRR5467608	SRP104798	healthy	health	v4	miseq	Plaque
SRR5467609	SRP104798	healthy	health	v4	miseq	Plaque
SRR5467610	SRP104798	healthy	health	v4	miseq	Plaque
SRR5467615	SRP104798	healthy	health	v4	miseq	Plaque
SRR5467617	SRP104798	healthy	health	v4	miseq	Plaque
SRR5467618	SRP104798	healthy	health	v4	miseq	Plaque
SRR5467619	SRP104798	healthy	health	v4	miseq	Plaque
SRR5467625	SRP104798	healthy	health	v4	miseq	Plaque
SRR5467626	SRP104798	healthy	health	v4	miseq	Plaque
SRR5467627	SRP104798	healthy	health	v4	miseq	Plaque
SRR5467628	SRP104798	healthy	health	v4	miseq	Plaque
SRR5467629	SRP104798	healthy	health	v4	miseq	Plaque
SRR5467630	SRP104798	healthy	health	v4	miseq	Plaque
SRR5467631	SRP104798	healthy	health	v4	miseq	Plaque
SRR5467638	SRP104798	healthy	health	v4	miseq	Plaque
SRR5467639	SRP104798	healthy	health	v4	miseq	Plaque
SRR5467640	SRP104798	healthy	health	v4	miseq	Plaque
SRR5467641	SRP104798	healthy	health	v4	miseq	Plaque
SRR5467642	SRP104798	healthy	health	v4	miseq	Plaque
SRR5467643	SRP104798	healthy	health	v4	miseq	Plaque
SRR5467644	SRP104798	healthy	health	v4	miseq	Plaque
SRR5467645	SRP104798	healthy	health	v4	miseq	Plaque
SRR5467646	SRP104798	healthy	health	v4	miseq	Plaque
SRR5467647	SRP104798	healthy	health	v4	miseq	Plaque
SRR5467648	SRP104798	healthy	health	v4	miseq	Plaque
SRR5467649	SRP104798	healthy	health	v4	miseq	Plaque
SRR5467650	SRP104798	healthy	health	v4	miseq	Plaque
SRR5467653	SRP104798	healthy	health	v4	miseq	Plaque
SRR5467654	SRP104798	healthy	health	v4	miseq	Plaque
SRR5467659	SRP104798	healthy	health	v4	miseq	Plaque
SRR5467660	SRP104798	healthy	health	v4	miseq	Plaque
SRR5467661	SRP104798	healthy	health	v4	miseq	Plaque
SRR5467662	SRP104798	healthy	health	v4	miseq	Plaque
SRR5467663	SRP104798	healthy	health	v4	miseq	Plaque
SRR5467664	SRP104798	healthy	health	v4	miseq	Plaque
SRR5467665	SRP104798	healthy	health	v4	miseq	Plaque
SRR5467666	SRP104798	healthy	health	v4	miseq	Plaque
SRR5467667	SRP104798	healthy	health	v4	miseq	Plaque
SRR5467668	SRP104798	healthy	health	v4	miseq	Plaque
SRR5467669	SRP104798	healthy	health	v4	miseq	Plaque
SRR5467670	SRP104798	healthy	health	v4	miseq	Plaque
SRR5467671	SRP104798	healthy	health	v4	miseq	Plaque
SRR5467672	SRP104798	healthy	health	v4	miseq	Plaque
SRR5467675	SRP104798	healthy	health	v4	miseq	Plaque
SRR5467676	SRP104798	healthy	health	v4	miseq	Plaque
SRR5467679	SRP104798	healthy	health	v4	miseq	Plaque
SRR5467680	SRP104798	healthy	health	v4	miseq	Plaque
SRR5467683	SRP104798	healthy	health	v4	miseq	Plaque
SRR5467685	SRP104798	healthy	health	v4	miseq	Plaque
SRR5467686	SRP104798	healthy	health	v4	miseq	Plaque
SRR5467688	SRP104798	healthy	health	v4	miseq	Plaque
SRR5467689	SRP104798	healthy	health	v4	miseq	Plaque
SRR5467690	SRP104798	healthy	health	v4	miseq	Plaque
SRR5467691	SRP104798	healthy	health	v4	miseq	Plaque
SRR5467692	SRP104798	healthy	health	v4	miseq	Plaque
SRR5467693	SRP104798	healthy	health	v4	miseq	Plaque
SRR5467694	SRP104798	healthy	health	v4	miseq	Plaque
SRR5467695	SRP104798	healthy	health	v4	miseq	Plaque
SRR5467696	SRP104798	healthy	health	v4	miseq	Plaque
SRR5467697	SRP104798	healthy	health	v4	miseq	Plaque
SRR5467698	SRP104798	healthy	health	v4	miseq	Plaque
SRR5467702	SRP104798	healthy	health	v4	miseq	Plaque
SRR5467703	SRP104798	healthy	health	v4	miseq	Plaque
SRR5467712	SRP104798	healthy	health	v4	miseq	Plaque
SRR5467713	SRP104798	healthy	health	v4	miseq	Plaque
SRR5467714	SRP104798	healthy	health	v4	miseq	Plaque
SRR5467715	SRP104798	healthy	health	v4	miseq	Plaque
SRR5467716	SRP104798	healthy	health	v4	miseq	Plaque
SRR5467717	SRP104798	healthy	health	v4	miseq	Plaque
SRR5467718	SRP104798	healthy	health	v4	miseq	Plaque
SRR5467719	SRP104798	healthy	health	v4	miseq	Plaque
SRR5467720	SRP104798	healthy	health	v4	miseq	Plaque
SRR5467721	SRP104798	healthy	health	v4	miseq	Plaque
SRR5467722	SRP104798	healthy	health	v4	miseq	Plaque
SRR5467723	SRP104798	healthy	health	v4	miseq	Plaque
SRR5467724	SRP104798	healthy	health	v4	miseq	Plaque
SRR5467725	SRP104798	healthy	health	v4	miseq	Plaque
SRR5467726	SRP104798	healthy	health	v4	miseq	Plaque
SRR5467727	SRP104798	healthy	health	v4	miseq	Plaque
SRR5467728	SRP104798	healthy	health	v4	miseq	Plaque
SRR5467731	SRP104798	healthy	health	v4	miseq	Plaque
SRR5467732	SRP104798	healthy	health	v4	miseq	Plaque
SRR5467733	SRP104798	healthy	health	v4	miseq	Plaque
SRR5467734	SRP104798	healthy	health	v4	miseq	Plaque
SRR5467735	SRP104798	healthy	health	v4	miseq	Plaque
SRR5467737	SRP104798	healthy	health	v4	miseq	Plaque
SRR5467738	SRP104798	healthy	health	v4	miseq	Plaque
SRR5467739	SRP104798	healthy	health	v4	miseq	Plaque
SRR5467740	SRP104798	healthy	health	v4	miseq	Plaque
SRR5467741	SRP104798	healthy	health	v4	miseq	Plaque
SRR5467742	SRP104798	healthy	health	v4	miseq	Plaque
SRR5467743	SRP104798	healthy	health	v4	miseq	Plaque
SRR5467744	SRP104798	healthy	health	v4	miseq	Plaque
SRR5467747	SRP104798	healthy	health	v4	miseq	Plaque
SRR5467748	SRP104798	healthy	health	v4	miseq	Plaque
SRR5467749	SRP104798	healthy	health	v4	miseq	Plaque
SRR5467750	SRP104798	healthy	health	v4	miseq	Plaque
SRR5467751	SRP104798	healthy	health	v4	miseq	Plaque
SRR5467752	SRP104798	healthy	health	v4	miseq	Plaque
SRR5467753	SRP104798	healthy	health	v4	miseq	Plaque
SRR5467754	SRP104798	healthy	health	v4	miseq	Plaque
SRR5467755	SRP104798	healthy	health	v4	miseq	Plaque
SRR5467756	SRP104798	healthy	health	v4	miseq	Plaque
SRR5467757	SRP104798	healthy	health	v4	miseq	Plaque
SRR5467758	SRP104798	healthy	health	v4	miseq	Plaque
SRR5467759	SRP104798	healthy	health	v4	miseq	Plaque
SRR5467760	SRP104798	healthy	health	v4	miseq	Plaque
SRR5467761	SRP104798	healthy	health	v4	miseq	Plaque
SRR5467762	SRP104798	healthy	health	v4	miseq	Plaque
SRR5467763	SRP104798	healthy	health	v4	miseq	Plaque
SRR5467764	SRP104798	healthy	health	v4	miseq	Plaque
SRR5467765	SRP104798	healthy	health	v4	miseq	Plaque
SRR5467766	SRP104798	healthy	health	v4	miseq	Plaque
SRR5467767	SRP104798	healthy	health	v4	miseq	Plaque
SRR5467768	SRP104798	healthy	health	v4	miseq	Plaque
SRR5467769	SRP104798	healthy	health	v4	miseq	Plaque
SRR5467770	SRP104798	healthy	health	v4	miseq	Plaque
SRR5467771	SRP104798	healthy	health	v4	miseq	Plaque
SRR5467773	SRP104798	healthy	health	v4	miseq	Plaque
SRR5467774	SRP104798	healthy	health	v4	miseq	Plaque
SRR5467775	SRP104798	healthy	health	v4	miseq	Plaque
SRR5467777	SRP104798	healthy	health	v4	miseq	Plaque
SRR5467778	SRP104798	healthy	health	v4	miseq	Plaque
SRR5467779	SRP104798	healthy	health	v4	miseq	Plaque
SRR5467780	SRP104798	healthy	health	v4	miseq	Plaque
SRR5467781	SRP104798	healthy	health	v4	miseq	Plaque
SRR5467782	SRP104798	healthy	health	v4	miseq	Plaque
SRR5467783	SRP104798	healthy	health	v4	miseq	Plaque
SRR5467784	SRP104798	healthy	health	v4	miseq	Plaque
SRR5467785	SRP104798	healthy	health	v4	miseq	Plaque
SRR5467788	SRP104798	healthy	health	v4	miseq	Plaque
SRR5467789	SRP104798	healthy	health	v4	miseq	Plaque
SRR5467791	SRP104798	healthy	health	v4	miseq	Plaque
SRR5467796	SRP104798	healthy	health	v4	miseq	Plaque
SRR5467800	SRP104798	healthy	health	v4	miseq	Plaque
SRR5467801	SRP104798	healthy	health	v4	miseq	Plaque
SRR5467804	SRP104798	healthy	health	v4	miseq	Plaque
SRR5467805	SRP104798	healthy	health	v4	miseq	Plaque
SRR5467806	SRP104798	healthy	health	v4	miseq	Plaque
SRR5467808	SRP104798	healthy	health	v4	miseq	Plaque
SRR5467810	SRP104798	healthy	health	v4	miseq	Plaque
SRR5467811	SRP104798	healthy	health	v4	miseq	Plaque
SRR5467814	SRP104798	healthy	health	v4	miseq	Plaque
SRR5467815	SRP104798	healthy	health	v4	miseq	Plaque
SRR5467816	SRP104798	healthy	health	v4	miseq	Plaque
SRR5467817	SRP104798	healthy	health	v4	miseq	Plaque
SRR5467818	SRP104798	healthy	health	v4	miseq	Plaque
SRR5467819	SRP104798	healthy	health	v4	miseq	Plaque
SRR5467823	SRP104798	healthy	health	v4	miseq	Plaque
SRR5467824	SRP104798	healthy	health	v4	miseq	Plaque
SRR5467827	SRP104798	healthy	health	v4	miseq	Plaque
SRR5467828	SRP104798	healthy	health	v4	miseq	Plaque
SRR5467830	SRP104798	healthy	health	v4	miseq	Plaque
SRR5467831	SRP104798	healthy	health	v4	miseq	Plaque
SRR5467832	SRP104798	healthy	health	v4	miseq	Plaque
SRR5467834	SRP104798	healthy	health	v4	miseq	Plaque
SRR5467837	SRP104798	healthy	health	v4	miseq	Plaque
SRR5467838	SRP104798	healthy	health	v4	miseq	Plaque
SRR5467840	SRP104798	healthy	health	v4	miseq	Plaque
SRR5467841	SRP104798	healthy	health	v4	miseq	Plaque
SRR5467843	SRP104798	healthy	health	v4	miseq	Plaque
SRR5467844	SRP104798	healthy	health	v4	miseq	Plaque
SRR5467846	SRP104798	healthy	health	v4	miseq	Plaque
SRR5467847	SRP104798	healthy	health	v4	miseq	Plaque
SRR5467848	SRP104798	healthy	health	v4	miseq	Plaque
SRR5467849	SRP104798	healthy	health	v4	miseq	Plaque
SRR5467850	SRP104798	healthy	health	v4	miseq	Plaque
SRR5467852	SRP104798	healthy	health	v4	miseq	Plaque
SRR5467853	SRP104798	healthy	health	v4	miseq	Plaque
SRR5467855	SRP104798	healthy	health	v4	miseq	Plaque
SRR5467857	SRP104798	healthy	health	v4	miseq	Plaque
SRR5467858	SRP104798	healthy	health	v4	miseq	Plaque
SRR5467861	SRP104798	healthy	health	v4	miseq	Plaque
SRR5467862	SRP104798	healthy	health	v4	miseq	Plaque
SRR5467863	SRP104798	healthy	health	v4	miseq	Plaque
SRR5467864	SRP104798	healthy	health	v4	miseq	Plaque
SRR5467865	SRP104798	healthy	health	v4	miseq	Plaque
SRR5467866	SRP104798	healthy	health	v4	miseq	Plaque
SRR5467868	SRP104798	healthy	health	v4	miseq	Plaque
SRR5467871	SRP104798	healthy	health	v4	miseq	Plaque
SRR5467872	SRP104798	healthy	health	v4	miseq	Plaque
SRR5467873	SRP104798	healthy	health	v4	miseq	Plaque
SRR5467875	SRP104798	healthy	health	v4	miseq	Plaque
SRR5467876	SRP104798	healthy	health	v4	miseq	Plaque
SRR5467877	SRP104798	healthy	health	v4	miseq	Plaque
SRR5467878	SRP104798	healthy	health	v4	miseq	Plaque
SRR5467879	SRP104798	healthy	health	v4	miseq	Plaque
SRR5467880	SRP104798	healthy	health	v4	miseq	Plaque
SRR5467881	SRP104798	healthy	health	v4	miseq	Plaque
SRR5467882	SRP104798	healthy	health	v4	miseq	Plaque
SRR5467884	SRP104798	healthy	health	v4	miseq	Plaque
SRR5467887	SRP104798	healthy	health	v4	miseq	Plaque
SRR5467888	SRP104798	healthy	health	v4	miseq	Plaque
SRR5467889	SRP104798	healthy	health	v4	miseq	Plaque
SRR5467890	SRP104798	healthy	health	v4	miseq	Plaque
SRR5467895	SRP104798	healthy	health	v4	miseq	Plaque
SRR5467897	SRP104798	healthy	health	v4	miseq	Plaque
SRR5467898	SRP104798	healthy	health	v4	miseq	Plaque
SRR5467899	SRP104798	healthy	health	v4	miseq	Plaque
SRR5467900	SRP104798	healthy	health	v4	miseq	Plaque
SRR5467904	SRP104798	healthy	health	v4	miseq	Plaque
SRR5467905	SRP104798	healthy	health	v4	miseq	Plaque
SRR5467907	SRP104798	healthy	health	v4	miseq	Plaque
SRR5467908	SRP104798	healthy	health	v4	miseq	Plaque
SRR5467909	SRP104798	healthy	health	v4	miseq	Plaque
SRR5467915	SRP104798	healthy	health	v4	miseq	Plaque
SRR5467916	SRP104798	healthy	health	v4	miseq	Plaque
SRR5467920	SRP104798	healthy	health	v4	miseq	Plaque
SRR5467921	SRP104798	healthy	health	v4	miseq	Plaque
SRR5467924	SRP104798	healthy	health	v4	miseq	Plaque
SRR5467927	SRP104798	healthy	health	v4	miseq	Plaque
SRR5467928	SRP104798	healthy	health	v4	miseq	Plaque
SRR5467929	SRP104798	healthy	health	v4	miseq	Plaque
SRR5467930	SRP104798	healthy	health	v4	miseq	Plaque
SRR5467931	SRP104798	healthy	health	v4	miseq	Plaque
SRR5467932	SRP104798	healthy	health	v4	miseq	Plaque
SRR5467937	SRP104798	healthy	health	v4	miseq	Plaque
SRR5467940	SRP104798	healthy	health	v4	miseq	Plaque
SRR5467941	SRP104798	healthy	health	v4	miseq	Plaque
SRR5467942	SRP104798	healthy	health	v4	miseq	Plaque
SRR5467944	SRP104798	healthy	health	v4	miseq	Plaque
SRR5467945	SRP104798	healthy	health	v4	miseq	Plaque
SRR5467946	SRP104798	healthy	health	v4	miseq	Plaque
SRR5467948	SRP104798	healthy	health	v4	miseq	Plaque
SRR5467952	SRP104798	healthy	health	v4	miseq	Plaque
SRR5467953	SRP104798	healthy	health	v4	miseq	Plaque
SRR5467957	SRP104798	healthy	health	v4	miseq	Plaque
SRR5467958	SRP104798	healthy	health	v4	miseq	Plaque
SRR5467959	SRP104798	healthy	health	v4	miseq	Plaque
SRR5467962	SRP104798	healthy	health	v4	miseq	Plaque
SRR5467965	SRP104798	healthy	health	v4	miseq	Plaque
SRR5467967	SRP104798	healthy	health	v4	miseq	Plaque
SRR5467970	SRP104798	healthy	health	v4	miseq	Plaque
SRR5467972	SRP104798	healthy	health	v4	miseq	Plaque
SRR5467974	SRP104798	healthy	health	v4	miseq	Plaque
SRR5467975	SRP104798	healthy	health	v4	miseq	Plaque
SRR5467976	SRP104798	healthy	health	v4	miseq	Plaque
SRR5467977	SRP104798	healthy	health	v4	miseq	Plaque
SRR5467978	SRP104798	healthy	health	v4	miseq	Plaque
SRR5467979	SRP104798	healthy	health	v4	miseq	Plaque
SRR5467980	SRP104798	healthy	health	v4	miseq	Plaque
SRR5467981	SRP104798	healthy	health	v4	miseq	Plaque
SRR5467985	SRP104798	healthy	health	v4	miseq	Plaque
SRR5467986	SRP104798	healthy	health	v4	miseq	Plaque
SRR5467987	SRP104798	healthy	health	v4	miseq	Plaque
SRR5467988	SRP104798	healthy	health	v4	miseq	Plaque
SRR5467996	SRP104798	healthy	health	v4	miseq	Plaque
SRR5467997	SRP104798	healthy	health	v4	miseq	Plaque
SRR5467998	SRP104798	healthy	health	v4	miseq	Plaque
SRR5467999	SRP104798	healthy	health	v4	miseq	Plaque
SRR5468001	SRP104798	healthy	health	v4	miseq	Plaque
SRR5468002	SRP104798	healthy	health	v4	miseq	Plaque
SRR5468003	SRP104798	healthy	health	v4	miseq	Plaque
SRR5468006	SRP104798	healthy	health	v4	miseq	Plaque
SRR5468007	SRP104798	healthy	health	v4	miseq	Plaque
SRR5468008	SRP104798	healthy	health	v4	miseq	Plaque
SRR5468011	SRP104798	healthy	health	v4	miseq	Plaque
SRR5468013	SRP104798	healthy	health	v4	miseq	Plaque
SRR5468014	SRP104798	healthy	health	v4	miseq	Plaque
SRR5468016	SRP104798	healthy	health	v4	miseq	Plaque
SRR5468017	SRP104798	healthy	health	v4	miseq	Plaque
SRR5468020	SRP104798	healthy	health	v4	miseq	Plaque
SRR5468021	SRP104798	healthy	health	v4	miseq	Plaque
SRR5468022	SRP104798	healthy	health	v4	miseq	Plaque
SRR5468023	SRP104798	healthy	health	v4	miseq	Plaque
SRR5468024	SRP104798	healthy	health	v4	miseq	Plaque
SRR5468025	SRP104798	healthy	health	v4	miseq	Plaque
SRR5468026	SRP104798	healthy	health	v4	miseq	Plaque
SRR5468027	SRP104798	healthy	health	v4	miseq	Plaque
SRR5468033	SRP104798	healthy	health	v4	miseq	Plaque
SRR5468034	SRP104798	healthy	health	v4	miseq	Plaque
SRR5468035	SRP104798	healthy	health	v4	miseq	Plaque
SRR5468041	SRP104798	healthy	health	v4	miseq	Plaque
SRR5468042	SRP104798	healthy	health	v4	miseq	Plaque
SRR5468051	SRP104798	healthy	health	v4	miseq	Plaque
SRR5468052	SRP104798	healthy	health	v4	miseq	Plaque
SRR5468053	SRP104798	healthy	health	v4	miseq	Plaque
SRR5468055	SRP104798	healthy	health	v4	miseq	Plaque
SRR5468056	SRP104798	healthy	health	v4	miseq	Plaque
SRR5468057	SRP104798	healthy	health	v4	miseq	Plaque
SRR5468058	SRP104798	healthy	health	v4	miseq	Plaque
SRR5468059	SRP104798	healthy	health	v4	miseq	Plaque
SRR5468060	SRP104798	healthy	health	v4	miseq	Plaque
SRR5468061	SRP104798	healthy	health	v4	miseq	Plaque
SRR5467517	SRP104798	disease	caries	v4	miseq	Plaque
SRR5467518	SRP104798	disease	caries	v4	miseq	Plaque
SRR5467519	SRP104798	disease	caries	v4	miseq	Plaque
SRR5467520	SRP104798	disease	caries	v4	miseq	Plaque
SRR5467531	SRP104798	disease	caries	v4	miseq	Plaque
SRR5467532	SRP104798	disease	caries	v4	miseq	Plaque
SRR5467539	SRP104798	disease	caries	v4	miseq	Plaque
SRR5467540	SRP104798	disease	caries	v4	miseq	Plaque
SRR5467541	SRP104798	disease	caries	v4	miseq	Plaque
SRR5467542	SRP104798	disease	caries	v4	miseq	Plaque
SRR5467553	SRP104798	disease	caries	v4	miseq	Plaque
SRR5467554	SRP104798	disease	caries	v4	miseq	Plaque
SRR5467555	SRP104798	disease	caries	v4	miseq	Plaque
SRR5467556	SRP104798	disease	caries	v4	miseq	Plaque
SRR5467557	SRP104798	disease	caries	v4	miseq	Plaque
SRR5467558	SRP104798	disease	caries	v4	miseq	Plaque
SRR5467560	SRP104798	disease	caries	v4	miseq	Plaque
SRR5467568	SRP104798	disease	caries	v4	miseq	Plaque
SRR5467579	SRP104798	disease	caries	v4	miseq	Plaque
SRR5467580	SRP104798	disease	caries	v4	miseq	Plaque
SRR5467581	SRP104798	disease	caries	v4	miseq	Plaque
SRR5467582	SRP104798	disease	caries	v4	miseq	Plaque
SRR5467587	SRP104798	disease	caries	v4	miseq	Plaque
SRR5467597	SRP104798	disease	caries	v4	miseq	Plaque
SRR5467598	SRP104798	disease	caries	v4	miseq	Plaque
SRR5467611	SRP104798	disease	caries	v4	miseq	Plaque
SRR5467612	SRP104798	disease	caries	v4	miseq	Plaque
SRR5467613	SRP104798	disease	caries	v4	miseq	Plaque
SRR5467614	SRP104798	disease	caries	v4	miseq	Plaque
SRR5467616	SRP104798	disease	caries	v4	miseq	Plaque
SRR5467620	SRP104798	disease	caries	v4	miseq	Plaque
SRR5467621	SRP104798	disease	caries	v4	miseq	Plaque
SRR5467622	SRP104798	disease	caries	v4	miseq	Plaque
SRR5467623	SRP104798	disease	caries	v4	miseq	Plaque
SRR5467624	SRP104798	disease	caries	v4	miseq	Plaque
SRR5467632	SRP104798	disease	caries	v4	miseq	Plaque
SRR5467633	SRP104798	disease	caries	v4	miseq	Plaque
SRR5467634	SRP104798	disease	caries	v4	miseq	Plaque
SRR5467635	SRP104798	disease	caries	v4	miseq	Plaque
SRR5467636	SRP104798	disease	caries	v4	miseq	Plaque
SRR5467637	SRP104798	disease	caries	v4	miseq	Plaque
SRR5467651	SRP104798	disease	caries	v4	miseq	Plaque
SRR5467652	SRP104798	disease	caries	v4	miseq	Plaque
SRR5467655	SRP104798	disease	caries	v4	miseq	Plaque
SRR5467656	SRP104798	disease	caries	v4	miseq	Plaque
SRR5467657	SRP104798	disease	caries	v4	miseq	Plaque
SRR5467658	SRP104798	disease	caries	v4	miseq	Plaque
SRR5467673	SRP104798	disease	caries	v4	miseq	Plaque
SRR5467674	SRP104798	disease	caries	v4	miseq	Plaque
SRR5467677	SRP104798	disease	caries	v4	miseq	Plaque
SRR5467678	SRP104798	disease	caries	v4	miseq	Plaque
SRR5467681	SRP104798	disease	caries	v4	miseq	Plaque
SRR5467682	SRP104798	disease	caries	v4	miseq	Plaque
SRR5467684	SRP104798	disease	caries	v4	miseq	Plaque
SRR5467687	SRP104798	disease	caries	v4	miseq	Plaque
SRR5467699	SRP104798	disease	caries	v4	miseq	Plaque
SRR5467700	SRP104798	disease	caries	v4	miseq	Plaque
SRR5467701	SRP104798	disease	caries	v4	miseq	Plaque
SRR5467704	SRP104798	disease	caries	v4	miseq	Plaque
SRR5467705	SRP104798	disease	caries	v4	miseq	Plaque
SRR5467706	SRP104798	disease	caries	v4	miseq	Plaque
SRR5467707	SRP104798	disease	caries	v4	miseq	Plaque
SRR5467708	SRP104798	disease	caries	v4	miseq	Plaque
SRR5467709	SRP104798	disease	caries	v4	miseq	Plaque
SRR5467710	SRP104798	disease	caries	v4	miseq	Plaque
SRR5467711	SRP104798	disease	caries	v4	miseq	Plaque
SRR5467729	SRP104798	disease	caries	v4	miseq	Plaque
SRR5467730	SRP104798	disease	caries	v4	miseq	Plaque
SRR5467736	SRP104798	disease	caries	v4	miseq	Plaque
SRR5467745	SRP104798	disease	caries	v4	miseq	Plaque
SRR5467746	SRP104798	disease	caries	v4	miseq	Plaque
SRR5467772	SRP104798	disease	caries	v4	miseq	Plaque
SRR5467790	SRP104798	disease	caries	v4	miseq	Plaque
SRR5467792	SRP104798	disease	caries	v4	miseq	Plaque
SRR5467793	SRP104798	disease	caries	v4	miseq	Plaque
SRR5467794	SRP104798	disease	caries	v4	miseq	Plaque
SRR5467795	SRP104798	disease	caries	v4	miseq	Plaque
SRR5467797	SRP104798	disease	caries	v4	miseq	Plaque
SRR5467798	SRP104798	disease	caries	v4	miseq	Plaque
SRR5467799	SRP104798	disease	caries	v4	miseq	Plaque
SRR5467802	SRP104798	disease	caries	v4	miseq	Plaque
SRR5467803	SRP104798	disease	caries	v4	miseq	Plaque
SRR5467807	SRP104798	disease	caries	v4	miseq	Plaque
SRR5467809	SRP104798	disease	caries	v4	miseq	Plaque
SRR5467812	SRP104798	disease	caries	v4	miseq	Plaque
SRR5467813	SRP104798	disease	caries	v4	miseq	Plaque
SRR5467820	SRP104798	disease	caries	v4	miseq	Plaque
SRR5467821	SRP104798	disease	caries	v4	miseq	Plaque
SRR5467822	SRP104798	disease	caries	v4	miseq	Plaque
SRR5467825	SRP104798	disease	caries	v4	miseq	Plaque
SRR5467826	SRP104798	disease	caries	v4	miseq	Plaque
SRR5467833	SRP104798	disease	caries	v4	miseq	Plaque
SRR5467835	SRP104798	disease	caries	v4	miseq	Plaque
SRR5467836	SRP104798	disease	caries	v4	miseq	Plaque
SRR5467839	SRP104798	disease	caries	v4	miseq	Plaque
SRR5467842	SRP104798	disease	caries	v4	miseq	Plaque
SRR5467845	SRP104798	disease	caries	v4	miseq	Plaque
SRR5467851	SRP104798	disease	caries	v4	miseq	Plaque
SRR5467854	SRP104798	disease	caries	v4	miseq	Plaque
SRR5467856	SRP104798	disease	caries	v4	miseq	Plaque
SRR5467859	SRP104798	disease	caries	v4	miseq	Plaque
SRR5467860	SRP104798	disease	caries	v4	miseq	Plaque
SRR5467867	SRP104798	disease	caries	v4	miseq	Plaque
SRR5467869	SRP104798	disease	caries	v4	miseq	Plaque
SRR5467870	SRP104798	disease	caries	v4	miseq	Plaque
SRR5467874	SRP104798	disease	caries	v4	miseq	Plaque
SRR5467883	SRP104798	disease	caries	v4	miseq	Plaque
SRR5467886	SRP104798	disease	caries	v4	miseq	Plaque
SRR5467891	SRP104798	disease	caries	v4	miseq	Plaque
SRR5467892	SRP104798	disease	caries	v4	miseq	Plaque
SRR5467893	SRP104798	disease	caries	v4	miseq	Plaque
SRR5467894	SRP104798	disease	caries	v4	miseq	Plaque
SRR5467896	SRP104798	disease	caries	v4	miseq	Plaque
SRR5467901	SRP104798	disease	caries	v4	miseq	Plaque
SRR5467902	SRP104798	disease	caries	v4	miseq	Plaque
SRR5467903	SRP104798	disease	caries	v4	miseq	Plaque
SRR5467906	SRP104798	disease	caries	v4	miseq	Plaque
SRR5467910	SRP104798	disease	caries	v4	miseq	Plaque
SRR5467911	SRP104798	disease	caries	v4	miseq	Plaque
SRR5467912	SRP104798	disease	caries	v4	miseq	Plaque
SRR5467913	SRP104798	disease	caries	v4	miseq	Plaque
SRR5467914	SRP104798	disease	caries	v4	miseq	Plaque
SRR5467917	SRP104798	disease	caries	v4	miseq	Plaque
SRR5467918	SRP104798	disease	caries	v4	miseq	Plaque
SRR5467919	SRP104798	disease	caries	v4	miseq	Plaque
SRR5467922	SRP104798	disease	caries	v4	miseq	Plaque
SRR5467923	SRP104798	disease	caries	v4	miseq	Plaque
SRR5467925	SRP104798	disease	caries	v4	miseq	Plaque
SRR5467926	SRP104798	disease	caries	v4	miseq	Plaque
SRR5467933	SRP104798	disease	caries	v4	miseq	Plaque
SRR5467934	SRP104798	disease	caries	v4	miseq	Plaque
SRR5467935	SRP104798	disease	caries	v4	miseq	Plaque
SRR5467936	SRP104798	disease	caries	v4	miseq	Plaque
SRR5467938	SRP104798	disease	caries	v4	miseq	Plaque
SRR5467939	SRP104798	disease	caries	v4	miseq	Plaque
SRR5467947	SRP104798	disease	caries	v4	miseq	Plaque
SRR5467949	SRP104798	disease	caries	v4	miseq	Plaque
SRR5467950	SRP104798	disease	caries	v4	miseq	Plaque
SRR5467951	SRP104798	disease	caries	v4	miseq	Plaque
SRR5467954	SRP104798	disease	caries	v4	miseq	Plaque
SRR5467955	SRP104798	disease	caries	v4	miseq	Plaque
SRR5467956	SRP104798	disease	caries	v4	miseq	Plaque
SRR5467960	SRP104798	disease	caries	v4	miseq	Plaque
SRR5467961	SRP104798	disease	caries	v4	miseq	Plaque
SRR5467963	SRP104798	disease	caries	v4	miseq	Plaque
SRR5467964	SRP104798	disease	caries	v4	miseq	Plaque
SRR5467966	SRP104798	disease	caries	v4	miseq	Plaque
SRR5467968	SRP104798	disease	caries	v4	miseq	Plaque
SRR5467969	SRP104798	disease	caries	v4	miseq	Plaque
SRR5467971	SRP104798	disease	caries	v4	miseq	Plaque
SRR5467973	SRP104798	disease	caries	v4	miseq	Plaque
SRR5467982	SRP104798	disease	caries	v4	miseq	Plaque
SRR5467983	SRP104798	disease	caries	v4	miseq	Plaque
SRR5467984	SRP104798	disease	caries	v4	miseq	Plaque
SRR5467989	SRP104798	disease	caries	v4	miseq	Plaque
SRR5467990	SRP104798	disease	caries	v4	miseq	Plaque
SRR5467991	SRP104798	disease	caries	v4	miseq	Plaque
SRR5467992	SRP104798	disease	caries	v4	miseq	Plaque
SRR5467993	SRP104798	disease	caries	v4	miseq	Plaque
SRR5467994	SRP104798	disease	caries	v4	miseq	Plaque
SRR5467995	SRP104798	disease	caries	v4	miseq	Plaque
SRR5468000	SRP104798	disease	caries	v4	miseq	Plaque
SRR5468004	SRP104798	disease	caries	v4	miseq	Plaque
SRR5468005	SRP104798	disease	caries	v4	miseq	Plaque
SRR5468009	SRP104798	disease	caries	v4	miseq	Plaque
SRR5468010	SRP104798	disease	caries	v4	miseq	Plaque
SRR5468012	SRP104798	disease	caries	v4	miseq	Plaque
SRR5468015	SRP104798	disease	caries	v4	miseq	Plaque
SRR5468018	SRP104798	disease	caries	v4	miseq	Plaque
SRR5468019	SRP104798	disease	caries	v4	miseq	Plaque
SRR5468028	SRP104798	disease	caries	v4	miseq	Plaque
SRR5468029	SRP104798	disease	caries	v4	miseq	Plaque
SRR5468030	SRP104798	disease	caries	v4	miseq	Plaque
SRR5468031	SRP104798	disease	caries	v4	miseq	Plaque
SRR5468032	SRP104798	disease	caries	v4	miseq	Plaque
SRR5468036	SRP104798	disease	caries	v4	miseq	Plaque
SRR5468037	SRP104798	disease	caries	v4	miseq	Plaque
SRR5468038	SRP104798	disease	caries	v4	miseq	Plaque
SRR5468039	SRP104798	disease	caries	v4	miseq	Plaque
SRR5468040	SRP104798	disease	caries	v4	miseq	Plaque
SRR5468043	SRP104798	disease	caries	v4	miseq	Plaque
SRR5468044	SRP104798	disease	caries	v4	miseq	Plaque
SRR5468045	SRP104798	disease	caries	v4	miseq	Plaque
SRR5468046	SRP104798	disease	caries	v4	miseq	Plaque
SRR5468047	SRP104798	disease	caries	v4	miseq	Plaque
SRR5468050	SRP104798	disease	caries	v4	miseq	Plaque
SRR5468054	SRP104798	disease	caries	v4	miseq	Plaque
SRR5468062	SRP104798	disease	caries	v4	miseq	Plaque
SRR1922820	SRP056328	healthy	health	v1_v2	454	Plaque
SRR1922842	SRP056328	healthy	health	v1_v2	454	Plaque
SRR1922843	SRP056328	healthy	health	v1_v2	454	Plaque
SRR1922844	SRP056328	healthy	health	v1_v2	454	Plaque
SRR1922845	SRP056328	healthy	health	v1_v2	454	Plaque
SRR1922846	SRP056328	healthy	health	v1_v2	454	Plaque
SRR1922847	SRP056328	healthy	health	v1_v2	454	Plaque
SRR387669	SRP009299	healthy	health	v4	454	Subg
SRR387670	SRP009299	healthy	health	v4	454	Subg
SRR387937	SRP009299	healthy	health	v4	454	Subg
SRR387938	SRP009299	healthy	health	v4	454	Subg
SRR387939	SRP009299	healthy	health	v4	454	Subg
SRR387940	SRP009299	healthy	health	v4	454	Subg
SRR387941	SRP009299	healthy	health	v4	454	Subg
SRR387942	SRP009299	healthy	health	v4	454	Subg
SRR387943	SRP009299	healthy	health	v4	454	Subg
SRR387944	SRP009299	healthy	health	v4	454	Subg
SRR387945	SRP009299	healthy	health	v4	454	Subg
SRR387946	SRP009299	healthy	health	v4	454	Subg
SRR387947	SRP009299	healthy	health	v4	454	Subg
SRR387948	SRP009299	healthy	health	v4	454	Subg
SRR387949	SRP009299	healthy	health	v4	454	Subg
SRR387950	SRP009299	healthy	health	v4	454	Subg
SRR387951	SRP009299	healthy	health	v4	454	Subg
SRR387952	SRP009299	healthy	health	v4	454	Subg
SRR387953	SRP009299	healthy	health	v4	454	Subg
SRR387954	SRP009299	healthy	health	v4	454	Subg
SRR387955	SRP009299	healthy	health	v4	454	Subg
SRR387956	SRP009299	healthy	health	v4	454	Subg
SRR387957	SRP009299	healthy	health	v4	454	Subg
SRR387958	SRP009299	healthy	health	v4	454	Subg
SRR387959	SRP009299	healthy	health	v4	454	Subg
SRR387960	SRP009299	healthy	health	v4	454	Subg
SRR387961	SRP009299	healthy	health	v4	454	Subg
SRR387962	SRP009299	healthy	health	v4	454	Subg
SRR387963	SRP009299	healthy	health	v4	454	Subg
SRR387964	SRP009299	healthy	health	v4	454	Subg
SRR387965	SRP009299	healthy	health	v4	454	Subg
SRR387966	SRP009299	healthy	health	v4	454	Subg
SRR387967	SRP009299	healthy	health	v4	454	Subg
SRR387968	SRP009299	healthy	health	v4	454	Subg
SRR387969	SRP009299	healthy	health	v4	454	Subg
SRR387970	SRP009299	healthy	health	v4	454	Subg
SRR387971	SRP009299	healthy	health	v4	454	Subg
SRR387972	SRP009299	healthy	health	v4	454	Subg
SRR387973	SRP009299	healthy	health	v4	454	Subg
SRR387974	SRP009299	healthy	health	v4	454	Subg
SRR387975	SRP009299	healthy	health	v4	454	Subg
SRR387976	SRP009299	healthy	health	v4	454	Subg
SRR387977	SRP009299	healthy	health	v4	454	Subg
SRR387978	SRP009299	healthy	health	v4	454	Subg
SRR387979	SRP009299	healthy	health	v4	454	Subg
SRR387980	SRP009299	healthy	health	v4	454	Subg
SRR387981	SRP009299	healthy	health	v4	454	Subg
SRR387982	SRP009299	healthy	health	v4	454	Subg
SRR387983	SRP009299	healthy	health	v4	454	Subg
SRR387984	SRP009299	healthy	health	v4	454	Subg
SRR387985	SRP009299	healthy	health	v4	454	Subg
SRR387986	SRP009299	healthy	health	v4	454	Subg
SRR387987	SRP009299	healthy	health	v4	454	Subg
SRR387988	SRP009299	healthy	health	v4	454	Subg
SRR387989	SRP009299	healthy	health	v4	454	Subg
SRR387990	SRP009299	healthy	health	v4	454	Subg
SRR387991	SRP009299	healthy	health	v4	454	Subg
SRR387992	SRP009299	healthy	health	v4	454	Subg
SRR387993	SRP009299	healthy	health	v4	454	Subg
SRR387994	SRP009299	healthy	health	v4	454	Subg
SRR387995	SRP009299	healthy	health	v4	454	Subg
SRR387996	SRP009299	disease	perid	v4	454	Subg
SRR387997	SRP009299	disease	perid	v4	454	Subg
SRR388000	SRP009299	disease	perid	v4	454	Subg
SRR388001	SRP009299	disease	perid	v4	454	Subg
SRR388004	SRP009299	disease	perid	v4	454	Subg
SRR388005	SRP009299	disease	perid	v4	454	Subg
SRR388008	SRP009299	disease	perid	v4	454	Subg
SRR388009	SRP009299	disease	perid	v4	454	Subg
SRR388012	SRP009299	disease	perid	v4	454	Subg
SRR388013	SRP009299	disease	perid	v4	454	Subg
SRR388016	SRP009299	disease	perid	v4	454	Subg
SRR388017	SRP009299	disease	perid	v4	454	Subg
SRR388020	SRP009299	disease	perid	v4	454	Subg
SRR388021	SRP009299	disease	perid	v4	454	Subg
SRR388024	SRP009299	disease	perid	v4	454	Subg
SRR388025	SRP009299	disease	perid	v4	454	Subg
SRR388028	SRP009299	disease	perid	v4	454	Subg
SRR388029	SRP009299	disease	perid	v4	454	Subg
SRR388032	SRP009299	disease	perid	v4	454	Subg
SRR388033	SRP009299	disease	perid	v4	454	Subg
SRR388036	SRP009299	disease	perid	v4	454	Subg
SRR388037	SRP009299	disease	perid	v4	454	Subg
SRR388040	SRP009299	disease	perid	v4	454	Subg
SRR388041	SRP009299	disease	perid	v4	454	Subg
SRR388044	SRP009299	disease	perid	v4	454	Subg
SRR388045	SRP009299	disease	perid	v4	454	Subg
SRR388048	SRP009299	disease	perid	v4	454	Subg
SRR388049	SRP009299	disease	perid	v4	454	Subg
SRR388052	SRP009299	disease	perid	v4	454	Subg
SRR388053	SRP009299	disease	perid	v4	454	Subg
SRR388056	SRP009299	disease	perid	v4	454	Subg
SRR388057	SRP009299	disease	perid	v4	454	Subg
SRR388060	SRP009299	disease	perid	v4	454	Subg
SRR388061	SRP009299	disease	perid	v4	454	Subg
SRR388064	SRP009299	disease	perid	v4	454	Subg
SRR388065	SRP009299	disease	perid	v4	454	Subg
SRR388068	SRP009299	disease	perid	v4	454	Subg
SRR388069	SRP009299	disease	perid	v4	454	Subg
SRR388072	SRP009299	disease	perid	v4	454	Subg
SRR388073	SRP009299	disease	perid	v4	454	Subg
SRR388076	SRP009299	disease	perid	v4	454	Subg
SRR388077	SRP009299	disease	perid	v4	454	Subg
SRR388081	SRP009299	disease	perid	v4	454	Subg
SRR388082	SRP009299	disease	perid	v4	454	Subg
SRR388085	SRP009299	disease	perid	v4	454	Subg
SRR388086	SRP009299	disease	perid	v4	454	Subg
SRR388089	SRP009299	disease	perid	v4	454	Subg
SRR388090	SRP009299	disease	perid	v4	454	Subg
SRR388093	SRP009299	disease	perid	v4	454	Subg
SRR388094	SRP009299	disease	perid	v4	454	Subg
SRR388097	SRP009299	disease	perid	v4	454	Subg
SRR388098	SRP009299	disease	perid	v4	454	Subg
SRR388101	SRP009299	disease	perid	v4	454	Subg
SRR388102	SRP009299	disease	perid	v4	454	Subg
SRR388105	SRP009299	disease	perid	v4	454	Subg
SRR388106	SRP009299	disease	perid	v4	454	Subg
SRR388109	SRP009299	disease	perid	v4	454	Subg
SRR388110	SRP009299	disease	perid	v4	454	Subg
SRR1060333	SRP034724	healthy	health	v1_v3	454	Supra
SRR1060334	SRP034724	healthy	health	v1_v3	454	Supra
SRR1060335	SRP034724	healthy	health	v1_v3	454	Supra
SRR1060336	SRP034724	healthy	health	v1_v3	454	Supra
SRR1060337	SRP034724	healthy	health	v1_v3	454	Supra
SRR1060338	SRP034724	healthy	health	v1_v3	454	Supra
SRR1060339	SRP034724	healthy	health	v1_v3	454	Supra
SRR1060340	SRP034724	healthy	health	v1_v3	454	Supra
SRR1060341	SRP034724	healthy	health	v1_v3	454	Supra
SRR1060342	SRP034724	healthy	health	v1_v3	454	Supra
SRR1060343	SRP034724	healthy	health	v1_v3	454	Supra
SRR1060344	SRP034724	healthy	health	v1_v3	454	Supra
SRR1060345	SRP034724	healthy	health	v1_v3	454	Supra
